Neighborhood,Sublocality,City,Property Type,Price (INR),Area (sq ft),Bedrooms,Price per sq ft,Monthly Rent (INR),Schools Nearby,Hospitals Nearby,Public Transport,Amenities,Community Sentiment,Crime Rate,Professions,General Income (INR),Cluster,PCA1,PCA2
Koregaon Park,North Main Road,Pune,Apartment,0.3205128205128205,0.078125,0.25,0.9335812964930925,0.2537313432835821,0.6666666666666666,0.6666666666666665,1.0,Gym,1.0,0.0,"(Investment Banker, Entrepreneur, Senior Executive)",0.42857142857142855,1,0.9819244929533827,-0.2858757644210003
Baner,Baner Road,Pune,Apartment,0.21794871794871792,0.046875,0.25,0.8054197662061635,0.16417910447761191,0.4999999999999999,0.5,0.0,Clubhouse,0.0,0.0,"(Software Engineer, Consultant, IT Director)",0.22857142857142854,0,-0.41337453105324223,0.11787779045104921
Balewadi,Balewadi High Street,Pune,Penthouse,0.2692307692307693,0.203125,0.5,0.4353878852284803,0.5149253731343284,0.8333333333333334,0.6666666666666665,1.0,Swimming Pool,1.0,0.0,"(Startup Founder, Senior Executive, Investor)",0.19999999999999996,3,1.0719139909955973,0.03015294531519036
Aundh,DP Road,Pune,Apartment,0.19230769230769232,0.0625,0.25,0.6612114771519659,0.17910447761194032,0.4999999999999999,0.5,0.0,Gated Security,0.0,0.0,"(Doctor, Lawyer, Business Owner)",0.15428571428571425,0,-0.4231988508573752,0.12993323950304736
Aundh,Westend Colony,Pune,Apartment,0.19999999999999998,0.0703125,0.25,0.6505844845908608,0.19402985074626866,0.6666666666666666,0.5,0.0,Clubhouse,0.0,0.0,"(Bank Manager, Consultant, Architect)",0.12571428571428572,0,-0.38241399563304557,0.1760480565707183
Aundh,Sanghvi Nagar,Pune,Apartment,0.09743589743589745,0.03125,0.0,0.5058448459086078,0.08208955223880597,0.33333333333333337,0.33333333333333326,0.0,Gated Society,0.0,0.0,"(Marketing Executive, Software Engineer, Financial Analyst)",0.08571428571428572,0,-0.5731940817213526,-0.13041175340757444
Hinjewadi,Phase 1,Pune,Apartment,0.16666666666666666,0.046875,0.25,0.6536663124335813,0.14179104477611942,0.4999999999999999,0.5,0.0,Gym,0.0,0.0,"(Software Developer, Data Scientist, Product Manager)",0.11428571428571427,0,-0.44099000934755717,0.09488082186142247
Hinjewadi,Phase 2,Pune,Apartment,0.14102564102564105,0.03125,0.25,0.644845908607864,0.12686567164179108,0.33333333333333337,0.33333333333333326,0.0,Swimming Pool,0.0,0.0,"(IT Consultant, Business Analyst, Software Tester)",0.04571428571428571,0,-0.5357545566897883,-0.014851126156799902
Hinjewadi,Phase 3,Pune,Apartment,0.12820512820512822,0.0234375,0.0,0.6399574920297555,0.11194029850746269,0.16666666666666663,0.33333333333333326,0.0,Parking,0.0,0.0,"(HR Manager, Data Engineer, QA Engineer)",0.025714285714285717,0,-0.6168170935057931,-0.18455084853006853
Wakad,Dutta Mandir Road,Pune,Apartment,0.09743589743589745,0.03125,0.25,0.5058448459086078,0.08208955223880597,0.33333333333333337,0.33333333333333326,0.0,Gated Society,0.0,0.0,"(Software Engineer, Financial Analyst, Architect)",0.08571428571428572,0,-0.5412206638183763,-0.015373824861308694
Wakad,Kaspate Vasti,Pune,Apartment,0.09230769230769231,0.015625,0.25,0.554941551540914,0.0746268656716418,0.16666666666666663,0.16666666666666663,0.0,Security,0.0,0.0,"(Sales Executive, HR Professional, Business Consultant)",0.04571428571428571,0,-0.627845284767069,-0.11921275396414871
Pimple Saudagar,Kunal Icon Road,Pune,Apartment,0.08205128205128207,0.0234375,0.25,0.4869287991498406,0.08208955223880597,0.33333333333333337,0.33333333333333326,0.0,Gated Community,0.0,0.0,"(IT Manager, Financial Analyst, Professor)",0.017142857142857126,0,-0.5553440559214761,-0.03433081191989327
Pimple Saudagar,Kate Wasti,Pune,Apartment,0.07435897435897437,0.015625,0.25,0.49298618490967056,0.0746268656716418,0.16666666666666663,0.16666666666666663,0.0,Gated Society,0.0,0.0,"(Retail Manager, HR Executive, Civil Engineer)",0.0,0,-0.6372125086185936,-0.12428733387806709
Hadapsar,Magarpatta Road,Pune,Apartment,0.06923076923076923,0.015625,0.25,0.4752391073326249,0.06716417910447763,0.33333333333333337,0.33333333333333326,0.0,Gym,0.0,0.0,"(Doctor, Consultant, Real Estate Agent)",0.19999999999999996,0,-0.5315800793880946,-0.01080148150690811
Magarpatta,South Gate,Pune,Apartment,0.15384615384615383,0.046875,0.25,0.6156216790648246,0.16417910447761191,0.4999999999999999,0.5,1.0,Clubhouse,1.0,0.0,"(Corporate Executive, IT Director, Business Owner)",0.3142857142857143,1,0.8485835718118974,-0.4367223060076616
Kharadi,EON IT Park,Pune,Apartment,0.14102564102564105,0.046875,0.25,0.577683315621679,0.14179104477611942,0.4999999999999999,0.5,1.0,Gated Community,1.0,0.0,"(Software Engineer, Investment Banker, Startup Founder)",0.22857142857142854,1,0.8302095981340843,-0.45895674762658173
Mundhwa,Keshav Nagar,Pune,Apartment,0.11538461538461539,0.046875,0.25,0.501806588735388,0.10447761194029852,0.33333333333333337,0.33333333333333326,1.0,Security,0.0,0.0,"(Software Engineer, Consultant, Entrepreneur)",0.08571428571428572,0,0.09989956717925501,-0.3585925763067355
Vadgaon Sheri,Near Nagar Road,Pune,Apartment,0.09487179487179487,0.03125,0.25,0.4977683315621679,0.08955223880597017,0.33333333333333337,0.33333333333333326,0.0,Gated Security,0.0,0.0,"(IT Professional, Financial Analyst, Marketing Manager)",0.08571428571428572,0,-0.5404483008726234,-0.012479980630274484
Kalyani Nagar,Gold Adlabs Area,Pune,Apartment,0.16666666666666666,0.0625,0.25,0.5903294367693943,0.17910447761194032,0.6666666666666666,0.5,1.0,Gym,1.0,0.0,"(Investment Banker, Senior Consultant, Business Owner)",0.3142857142857143,1,0.895932790312196,-0.37748035311164746
Bavdhan,Chandani Chowk,Pune,Apartment,0.09743589743589745,0.046875,0.25,0.4486716259298618,0.06716417910447763,0.33333333333333337,0.33333333333333326,0.0,Security,0.0,0.0,"(Software Engineer, Consultant, Business Analyst)",0.057142857142857134,0,-0.5450848521520463,-0.009566747385688485
Koregaon Park,Lane 5,Pune,Apartment,0.34615384615384615,0.09375,0.25,0.9238044633368756,0.291044776119403,0.8333333333333334,0.8333333333333333,1.0,Gated Security,1.0,0.0,"(Entrepreneur, Consultant, Investment Banker)",0.45714285714285713,1,1.0737518597038898,-0.17321948971885284
Koregaon Park,Lane 7,Pune,Penthouse,0.7435897435897435,0.296875,0.5,0.9446333687566417,0.7761194029850746,0.9999999999999999,1.0,1.0,Swimming Pool,1.0,0.0,"(CEO, Business Owner, Investor)",0.657142857142857,2,1.3719384031030697,0.4491194812332741
Viman Nagar,Near Symbiosis College,Pune,Apartment,0.2564102564102564,0.0625,0.25,0.8383634431455897,0.2164179104477612,0.6666666666666666,0.6666666666666665,1.0,Gym,1.0,0.0,"(Corporate Executive, IT Professional, Marketing Director)",0.3142857142857143,1,0.9474799579407404,-0.3346013044612943
Viman Nagar,Town Square,Pune,Apartment,0.20512820512820515,0.03125,0.25,0.8492029755579171,0.16417910447761191,0.4999999999999999,0.5,1.0,Parking,1.0,0.0,"(Software Engineer, Analyst, Business Consultant)",0.19999999999999996,1,0.8338266724055307,-0.4848721593987304
Kharadi,World Trade Center Area,Pune,Apartment,0.16666666666666666,0.046875,0.25,0.6536663124335813,0.14179104477611942,0.4999999999999999,0.5,1.0,Clubhouse,1.0,0.0,"(Software Developer, Investment Banker, Startup Founder)",0.22857142857142854,1,0.8333594187649301,-0.4620827478904866
Kharadi,Riverdale,Pune,Apartment,0.09743589743589745,0.03125,0.25,0.5058448459086078,0.08955223880597017,0.33333333333333337,0.33333333333333326,0.0,Gated Society,0.0,0.0,"(Data Scientist, Financial Analyst, Sales Executive)",0.11428571428571427,0,-0.5356211026278158,-0.007444209734472597
Hinjewadi,Phase 1,Pune,Apartment,0.14102564102564105,0.046875,0.25,0.577683315621679,0.11940298507462686,0.4999999999999999,0.5,0.0,Gym,0.0,0.0,"(IT Consultant, Business Analyst, Software Engineer)",0.04571428571428571,0,-0.4582291329712204,0.07747341969810162
Hinjewadi,Phase 3,Pune,Villa,0.4871794871794871,0.265625,0.5,0.6536663124335813,0.3656716417910448,0.8333333333333334,0.6666666666666665,0.0,Swimming Pool,0.0,0.0,"(Tech Lead, Senior Product Manager, IT Director)",0.2571428571428571,0,-0.15754793819276958,0.6401608970980983
Baner,Pancard Club Road,Pune,Apartment,0.23076923076923075,0.0625,0.25,0.7674814027630181,0.17910447761194032,0.4999999999999999,0.5,0.0,Clubhouse,0.0,0.0,"(Senior Engineer, Doctor, Lawyer)",0.15428571428571425,0,-0.4184190502582544,0.1264907128100062
Baner,Veerbhadra Nagar,Pune,Apartment,0.09743589743589745,0.03125,0.0,0.5058448459086078,0.08955223880597017,0.33333333333333337,0.33333333333333326,0.0,Gated Security,0.0,0.0,"(Marketing Executive, Data Analyst, IT Professional)",0.08571428571428572,0,-0.5721101548289014,-0.12790787653620822
Balewadi,Balewadi High Street,Pune,Penthouse,0.28205128205128205,0.203125,0.5,0.4574920297555792,0.5522388059701493,0.8333333333333334,0.6666666666666665,1.0,Swimming Pool,1.0,0.0,"(Startup Founder, Senior Executive, Investor)",0.19999999999999996,3,1.0790220931953747,0.04367964427897659
Aundh,Baner Road,Pune,Apartment,0.19230769230769232,0.0546875,0.25,0.6941551540913922,0.18656716417910446,0.4999999999999999,0.5,0.0,Gated Security,0.0,0.0,"(Doctor, Lawyer, Business Owner)",0.15428571428571425,0,-0.42355571667775727,0.12361192926763315
Aundh,Seasons Road,Pune,Apartment,0.20512820512820515,0.0703125,0.25,0.6646121147715196,0.19402985074626866,0.6666666666666666,0.5,0.0,Clubhouse,0.0,0.0,"(Bank Manager, Consultant, Architect)",0.12571428571428572,0,-0.3817756761112734,0.1756119766659513
Wakad,Vishal Nagar,Pune,Apartment,0.09743589743589745,0.03125,0.25,0.5058448459086078,0.08955223880597017,0.33333333333333337,0.33333333333333326,0.0,Gated Society,0.0,0.0,"(Software Engineer, Financial Analyst, Architect)",0.08571428571428572,0,-0.5401367369259226,-0.012869947989943205
Wakad,Datta Mandir Road,Pune,Apartment,0.08717948717948718,0.0234375,0.0,0.5039319872476089,0.06716417910447763,0.16666666666666663,0.16666666666666663,0.0,Security,0.0,0.0,"(Sales Executive, HR Professional, Business Consultant)",0.04571428571428571,0,-0.660071292277531,-0.2268399682225492
Kalyani Nagar,Gold Adlabs Area,Pune,Apartment,0.16666666666666666,0.0625,0.25,0.5903294367693943,0.17910447761194032,0.6666666666666666,0.5,1.0,Gym,1.0,0.0,"(Investment Banker, Senior Consultant, Business Owner)",0.3142857142857143,1,0.895932790312196,-0.37748035311164746
Magarpatta,Near DC Office,Pune,Apartment,0.12820512820512822,0.046875,0.25,0.5397449521785336,0.14179104477611942,0.4999999999999999,0.5,1.0,Gated Security,1.0,0.0,"(Corporate Executive, IT Director, Business Owner)",0.3142857142857143,1,0.8421812109222719,-0.44112512909858176
Mundhwa,Keshav Nagar,Pune,Apartment,0.11538461538461539,0.046875,0.25,0.501806588735388,0.11940298507462686,0.33333333333333337,0.33333333333333326,1.0,Security,0.0,0.0,"(Software Engineer, Consultant, Entrepreneur)",0.08571428571428572,0,0.10206742096416205,-0.3535848225640045
Vadgaon Sheri,Near Nagar Road,Pune,Apartment,0.09487179487179487,0.03125,0.25,0.4977683315621679,0.08955223880597017,0.33333333333333337,0.33333333333333326,0.0,Gated Security,0.0,0.0,"(IT Professional, Financial Analyst, Marketing Manager)",0.08571428571428572,0,-0.5404483008726234,-0.012479980630274484
Nanded City,Nanded Bridge Area,Pune,Apartment,0.07692307692307693,0.046875,0.25,0.3879914984059511,0.06716417910447763,0.33333333333333337,0.33333333333333326,0.0,Gated Community,0.0,0.0,"(IT Consultant, Marketing Director, Engineer)",0.057142857142857134,0,-0.5476054682381415,-0.007083139915293133
Hadapsar,Magarpatta Road,Pune,Apartment,0.06923076923076923,0.015625,0.25,0.4752391073326249,0.06716417910447763,0.33333333333333337,0.33333333333333326,0.0,Gym,0.0,0.0,"(Doctor, Consultant, Real Estate Agent)",0.19999999999999996,0,-0.5315800793880946,-0.01080148150690811
Shivaji Nagar,Jangli Maharaj Road,Pune,Apartment,0.34615384615384615,0.078125,0.25,1.0,0.2537313432835821,0.8333333333333334,0.8333333333333333,1.0,Clubhouse,1.0,0.0,"(Lawyer, Professor, Senior Business Consultant)",0.3714285714285714,1,1.0518300575240211,-0.22133415890631547
Shivajinagar,Model Colony,Pune,Apartment,0.21794871794871792,0.0390625,0.25,0.8462274176408076,0.19402985074626866,0.6666666666666666,0.6666666666666665,1.0,Gated Community,1.0,0.0,"(Lawyer, Investment Banker, Professor)",0.3028571428571428,1,0.9332103650822234,-0.3697920196697803
Kondhwa,NIBM Road,Pune,Apartment,0.09743589743589745,0.046875,0.25,0.4486716259298618,0.08208955223880597,0.33333333333333337,0.33333333333333326,0.0,Gym,0.0,0.0,"(Software Engineer, HR Manager, Digital Marketer)",0.08571428571428572,0,-0.5384013640690325,0.0008667446125131134
BT Kawade Road,Ganga Satellite,Pune,Apartment,0.14102564102564105,0.03125,0.25,0.644845908607864,0.14179104477611942,0.4999999999999999,0.5,1.0,Clubhouse,1.0,0.0,"(IT Consultant, Senior Analyst, Doctor)",0.19999999999999996,1,0.8228032634332814,-0.48223917298435326
Vadgaon Budruk,Sinhagad Road,Pune,Apartment,0.06410256410256412,0.03125,0.25,0.39957492029755576,0.06716417910447763,0.33333333333333337,0.33333333333333326,0.0,Gated Society,0.0,0.0,"(Finance Executive, Consultant, Lawyer)",0.04571428571428571,0,-0.5537516219507183,-0.02270172359726312
Pashan,Pashan Sus Road,Pune,Apartment,0.13333333333333333,0.0546875,0.25,0.5256110520722637,0.12686567164179108,0.4999999999999999,0.5,0.0,Clubhouse,0.0,0.0,"(Professor, Data Scientist, Entrepreneur)",0.22857142857142854,0,-0.4277755056062444,0.12387185903529654
Lonavala,Tungarli,Lonavala,Villa,0.5769230769230769,0.453125,0.75,0.4619553666312433,0.5895522388059702,0.8333333333333334,0.8333333333333333,1.0,Swimming Pool,1.0,0.0,"(Entrepreneur, Hotelier, Bollywood Executive)",0.42857142857142855,2,1.2685224036225093,0.4695967635150854
Kamshet,Kamshet Hills,Pune,Villa,0.641025641025641,0.484375,0.75,0.4891604675876727,0.6119402985074627,0.6666666666666666,0.6666666666666665,1.0,Gym,1.0,0.0,"(Retired Industrialist, Investor, Director)",0.42857142857142855,2,1.209914674503536,0.43263409019493004
Chinchwad,Chapekar Chowk,Pune,Apartment,0.08205128205128207,0.0234375,0.25,0.4869287991498406,0.08208955223880597,0.33333333333333337,0.33333333333333326,0.0,Gated Community,0.0,0.0,"(IT Manager, Financial Analyst, Professor)",0.017142857142857126,0,-0.5553440559214761,-0.03433081191989327
Nigdi,Pradhikaran,Pune,Apartment,0.07435897435897437,0.015625,0.25,0.49298618490967056,0.0746268656716418,0.16666666666666663,0.16666666666666663,0.0,Gated Society,0.0,0.0,"(Retail Manager, HR Executive, Civil Engineer)",0.0,0,-0.6372125086185936,-0.12428733387806709
Kondhwa,Kausar Baug,Pune,Apartment,0.09743589743589745,0.03125,0.25,0.5058448459086078,0.08208955223880597,0.33333333333333337,0.33333333333333326,0.0,Gated Society,0.0,0.0,"(Doctor, Digital Marketer, Business Consultant)",0.08571428571428572,0,-0.5412206638183762,-0.015373824861308711
Wanowrie,Salunke Vihar Road,Pune,Apartment,0.11538461538461539,0.046875,0.25,0.501806588735388,0.10447761194029852,0.33333333333333337,0.33333333333333326,1.0,Security,0.0,0.0,"(Software Engineer, Consultant, Entrepreneur)",0.08571428571428572,0,0.09989956717925501,-0.3585925763067355
Saswad,Near Purandar Fort,Pune,Villa,0.41025641025641024,0.421875,0.75,0.3199787460148778,0.4402985074626866,0.6666666666666666,0.6666666666666665,0.0,Garden,0.0,0.0,"(Retired Professional, Politician, Environmentalist)",0.19999999999999996,0,-0.14909722760036376,0.8272115980630131
Manjari,Near Manjari Stud Farm,Pune,Apartment,0.06923076923076923,0.015625,0.25,0.4752391073326249,0.06716417910447763,0.33333333333333337,0.33333333333333326,0.0,Gym,0.0,0.0,"(Doctor, Consultant, Real Estate Agent)",0.19999999999999996,0,-0.5315800793880946,-0.01080148150690811
Bavdhan,Near Chandni Chowk,Pune,Apartment,0.11538461538461539,0.046875,0.25,0.501806588735388,0.10447761194029852,0.33333333333333337,0.33333333333333326,1.0,Security,0.0,0.0,"(Software Engineer, Consultant, Entrepreneur)",0.08571428571428572,0,0.09989956717925501,-0.3585925763067355
Mulshi,Near Pirangut,Pune,Villa,0.5641025641025641,0.484375,0.75,0.41328374070138146,0.5895522388059702,0.8333333333333334,0.8333333333333333,1.0,Swimming Pool,1.0,0.0,"(Hotel Owner, Film Producer, CEO)",0.42857142857142855,2,1.2718451211318889,0.4868693840140299
Lavasa,Lakeside Area,Pune,Villa,0.7435897435897435,0.609375,1.0,0.4486716259298618,0.7761194029850746,0.8333333333333334,0.8333333333333333,1.0,Private Dock,1.0,0.0,"(Business Tycoon, Investor, Diplomat)",0.5428571428571427,2,1.3938619169113657,0.800576669897644
Shivajinagar,Model Colony,Pune,Apartment,0.21794871794871792,0.0390625,0.25,0.8462274176408076,0.19402985074626866,0.6666666666666666,0.6666666666666665,1.0,Gated Community,1.0,0.0,"(Lawyer, Investment Banker, Professor)",0.3028571428571428,1,0.9332103650822234,-0.3697920196697803
Kondhwa,NIBM Road,Pune,Apartment,0.09743589743589745,0.046875,0.25,0.4486716259298618,0.08208955223880597,0.33333333333333337,0.33333333333333326,0.0,Gym,0.0,0.0,"(Software Engineer, HR Manager, Digital Marketer)",0.08571428571428572,0,-0.5384013640690325,0.0008667446125131134
BT Kawade Road,Ganga Satellite,Pune,Apartment,0.14102564102564105,0.03125,0.25,0.644845908607864,0.14179104477611942,0.4999999999999999,0.5,1.0,Clubhouse,1.0,0.0,"(IT Consultant, Senior Analyst, Doctor)",0.19999999999999996,1,0.8228032634332814,-0.48223917298435326
Vadgaon Budruk,Sinhagad Road,Pune,Apartment,0.06410256410256412,0.03125,0.25,0.39957492029755576,0.06716417910447763,0.33333333333333337,0.33333333333333326,0.0,Gated Society,0.0,0.0,"(Finance Executive, Consultant, Lawyer)",0.04571428571428571,0,-0.5537516219507183,-0.02270172359726312
Pashan,Pashan Sus Road,Pune,Apartment,0.13333333333333333,0.0546875,0.25,0.5256110520722637,0.12686567164179108,0.4999999999999999,0.5,0.0,Clubhouse,0.0,0.0,"(Professor, Data Scientist, Entrepreneur)",0.22857142857142854,0,-0.4277755056062444,0.12387185903529654
Lonavala,Tungarli,Lonavala,Villa,0.5769230769230769,0.453125,0.75,0.4619553666312433,0.5895522388059702,0.8333333333333334,0.8333333333333333,1.0,Swimming Pool,1.0,0.0,"(Entrepreneur, Hotelier, Bollywood Executive)",0.42857142857142855,2,1.2685224036225093,0.4695967635150854
Kamshet,Kamshet Hills,Pune,Villa,0.641025641025641,0.484375,0.75,0.4891604675876727,0.6119402985074627,0.6666666666666666,0.6666666666666665,1.0,Gym,1.0,0.0,"(Retired Industrialist, Investor, Director)",0.42857142857142855,2,1.209914674503536,0.43263409019493004
Chinchwad,Chapekar Chowk,Pune,Apartment,0.08205128205128207,0.0234375,0.25,0.4869287991498406,0.08208955223880597,0.33333333333333337,0.33333333333333326,0.0,Gated Community,0.0,0.0,"(IT Manager, Financial Analyst, Professor)",0.017142857142857126,0,-0.5553440559214761,-0.03433081191989327
Nigdi,Pradhikaran,Pune,Apartment,0.07435897435897437,0.015625,0.25,0.49298618490967056,0.0746268656716418,0.16666666666666663,0.16666666666666663,0.0,Gated Society,0.0,0.0,"(Retail Manager, HR Executive, Civil Engineer)",0.0,0,-0.6372125086185936,-0.12428733387806709
Kondhwa,Kausar Baug,Pune,Apartment,0.09743589743589745,0.03125,0.25,0.5058448459086078,0.08208955223880597,0.33333333333333337,0.33333333333333326,0.0,Gated Society,0.0,0.0,"(Doctor, Digital Marketer, Business Consultant)",0.08571428571428572,0,-0.5412206638183762,-0.015373824861308711
Wanowrie,Salunke Vihar Road,Pune,Apartment,0.11538461538461539,0.046875,0.25,0.501806588735388,0.10447761194029852,0.33333333333333337,0.33333333333333326,1.0,Security,0.0,0.0,"(Software Engineer, Consultant, Entrepreneur)",0.08571428571428572,0,0.09989956717925501,-0.3585925763067355
Saswad,Near Purandar Fort,Pune,Villa,0.41025641025641024,0.421875,0.75,0.3199787460148778,0.4402985074626866,0.6666666666666666,0.6666666666666665,0.0,Garden,0.0,0.0,"(Retired Professional, Politician, Environmentalist)",0.19999999999999996,0,-0.14909722760036376,0.8272115980630131
Manjari,Near Manjari Stud Farm,Pune,Apartment,0.06923076923076923,0.015625,0.25,0.4752391073326249,0.06716417910447763,0.33333333333333337,0.33333333333333326,0.0,Gym,0.0,0.0,"(Doctor, Consultant, Real Estate Agent)",0.19999999999999996,0,-0.5315800793880946,-0.01080148150690811
Bavdhan,Near Chandni Chowk,Pune,Apartment,0.11538461538461539,0.046875,0.25,0.501806588735388,0.10447761194029852,0.33333333333333337,0.33333333333333326,1.0,Security,0.0,0.0,"(Software Engineer, Consultant, Entrepreneur)",0.08571428571428572,0,0.09989956717925501,-0.3585925763067355
Mulshi,Near Pirangut,Pune,Villa,0.5641025641025641,0.484375,0.75,0.41328374070138146,0.5895522388059702,0.8333333333333334,0.8333333333333333,1.0,Swimming Pool,1.0,0.0,"(Hotel Owner, Film Producer, CEO)",0.42857142857142855,2,1.2718451211318889,0.4868693840140299
Lavasa,Lakeside Area,Pune,Villa,0.7435897435897435,0.609375,1.0,0.4486716259298618,0.7761194029850746,0.8333333333333334,0.8333333333333333,1.0,Private Dock,1.0,0.0,"(Business Tycoon, Investor, Diplomat)",0.5428571428571427,2,1.3938619169113657,0.800576669897644
Model Colony,Near Lakaki Road,Pune,Apartment,0.34615384615384615,0.09375,0.25,0.9238044633368756,0.291044776119403,0.8333333333333334,0.8333333333333333,1.0,Gated Security,1.0,0.0,"(Doctor, Investment Banker, High Court Lawyer)",0.45714285714285713,1,1.0737518597038898,-0.17321948971885284
Deccan Gymkhana,Goodluck Chowk,Pune,Apartment,0.3025641025641026,0.0859375,0.25,0.8512221041445271,0.26865671641791045,0.8333333333333334,0.8333333333333333,1.0,Clubhouse,1.0,0.0,"(Professor, Senior Journalist, Business Owner)",0.3714285714285714,1,1.0499886814812869,-0.2043447065695937
Deccan Gymkhana,Bhandarkar Road,Pune,Apartment,0.3128205128205128,0.09375,0.25,0.8425079702444207,0.2835820895522388,0.8333333333333334,0.8333333333333333,1.0,Swimming Pool,1.0,0.0,"(Advocate, Author, Consultant)",0.3142857142857143,1,1.0458700433574368,-0.20161646337433353
Sadashiv Peth,Appa Balwant Chowk,Pune,Apartment,0.16666666666666666,0.046875,0.25,0.6536663124335813,0.14179104477611942,0.6666666666666666,0.6666666666666665,0.0,Gated Society,0.0,0.0,"(Chartered Accountant, Sanskrit Scholar, Politician)",0.22857142857142854,0,-0.34720882194680325,0.19355551050727043
Parvati,Near Parvati Hill,Pune,Apartment,0.14102564102564105,0.0390625,0.25,0.61009564293305,0.12686567164179108,0.4999999999999999,0.5,0.0,Parking,0.0,0.0,"(Researcher, Civil Engineer, Artist)",0.15428571428571425,0,-0.4414227905517044,0.09185587853711849
Swargate,Near ST Bus Stand,Pune,Apartment,0.10769230769230773,0.0234375,0.25,0.5719447396386823,0.09701492537313434,0.4999999999999999,0.5,0.0,Gym,0.0,0.0,"(Software Developer, Marketing Executive, Government Employee)",0.11428571428571427,0,-0.4590191391044172,0.061508804289575766
NIBM,Kondhwa Road,Pune,Apartment,0.19230769230769232,0.0546875,0.25,0.6941551540913922,0.15671641791044777,0.4999999999999999,0.5,0.0,Swimming Pool,0.0,0.0,"(Entrepreneur, Architect, Senior Software Engineer)",0.22857142857142854,0,-0.4161507750724942,0.12770334124639482
Undri,Near Corinthians Club,Pune,Apartment,0.09743589743589745,0.03125,0.25,0.5058448459086078,0.08955223880597017,0.33333333333333337,0.33333333333333326,0.0,Clubhouse,0.0,0.0,"(Real Estate Agent, Financial Consultant, IT Manager)",0.08571428571428572,0,-0.5401367369259226,-0.012869947989943205
Bibwewadi,Market Yard Road,Pune,Apartment,0.07435897435897437,0.0234375,0.25,0.4614240170031881,0.0746268656716418,0.33333333333333337,0.33333333333333326,0.0,Security,0.0,0.0,"(Chartered Accountant, Doctor, Sales Manager)",0.11428571428571427,0,-0.5420004030634452,-0.017010963754910517
Warje,Behind Sinhagad Institute,Pune,Apartment,0.05384615384615385,0.03125,0.25,0.3669500531349628,0.05223880597014925,0.33333333333333337,0.33333333333333326,0.0,Gated Society,0.0,0.0,"(Mechanical Engineer, Retail Manager, Interior Designer)",0.057142857142857134,0,-0.5553571990589297,-0.023927734376945446
Lohegaon,Near Pune Airport,Pune,Apartment,0.051282051282051294,0.0234375,0.25,0.3849096705632306,0.05970149253731345,0.16666666666666663,0.16666666666666663,0.0,Gated Security,0.0,0.0,"(Pilot, Airport Staff, Software Engineer)",0.08571428571428572,0,-0.627179271944022,-0.10028754647383284
Kondhwa,Near ISKCON Temple,Pune,Apartment,0.10769230769230773,0.0390625,0.25,0.5077577045696069,0.09701492537313434,0.4999999999999999,0.5,0.0,Clubhouse,0.0,0.0,"(Software Developer, Marketing Executive, Real Estate Agent)",0.11428571428571427,0,-0.456149706981443,0.07888409465147858
Pimpri,Pimpri Chowk,Pune,Apartment,0.08205128205128207,0.03125,0.25,0.4568544102019128,0.08208955223880597,0.33333333333333337,0.33333333333333326,0.0,Gated Community,0.0,0.0,"(Sales Manager, IT Manager, Consultant)",0.08571428571428572,0,-0.5430862495914871,-0.012948056999653873
Chinchwad,Opposite Elpro Mall,Pune,Apartment,0.07179487179487179,0.0234375,0.25,0.4529224229543039,0.0746268656716418,0.33333333333333337,0.33333333333333326,0.0,Gym,0.0,0.0,"(Software Engineer, IT Consultant, Senior Analyst)",0.08571428571428572,0,-0.5468245629825782,-0.02197796368779839
Lavasa,Lakeside Road,Pune,Villa,0.7948717948717948,0.6875,0.75,0.4196599362380446,0.8507462686567164,0.8333333333333334,0.8333333333333333,1.0,Swimming Pool,1.0,0.0,"(International Businessman, Hotel Owner, Politician)",0.657142857142857,2,1.4104367382735614,0.7902620748291866
Lonavala,Near Bhushi Dam,Pune,Villa,0.9999999999999999,0.765625,1.0,0.501806588735388,1.0000000000000002,0.9999999999999999,1.0,1.0,Garden,1.0,0.0,"(Bollywood Actor, Hotelier, Sports Personality)",1.0,2,1.6350043948665802,1.1924569965744694
Kamshet,Near Pawna Lake,Pune,Villa,0.5641025641025641,0.53125,0.75,0.3659936238044634,0.5895522388059702,0.8333333333333334,0.8333333333333333,0.0,Swimming Pool,0.0,0.0,"(Corporate Executive, Business Owner, Influencer)",0.3142857142857143,0,0.005065641589041112,1.0724563482757885
Shivajinagar,Jangali Maharaj Road,Pune,Apartment,0.34615384615384615,0.1015625,0.25,0.8889479277364505,0.291044776119403,0.8333333333333334,0.8333333333333333,1.0,Clubhouse,1.0,0.0,"(Judge, Professor, Senior Engineer)",0.45714285714285713,1,1.0752063248822616,-0.1640848332789605
Erandwane,Near Nal Stop,Pune,Apartment,0.2948717948717948,0.078125,0.25,0.8671625929861848,0.2537313432835821,0.8333333333333334,0.8333333333333333,1.0,Gated Security,1.0,0.0,"(Senior Lawyer, Architect, Doctor)",0.3714285714285714,1,1.045393691606974,-0.21817685170963597
Kothrud,Paud Road,Pune,Apartment,0.20512820512820515,0.0625,0.25,0.6965993623804463,0.16417910447761191,0.6666666666666666,0.6666666666666665,0.0,Gym,0.0,0.0,"(Senior IT Consultant, Business Owner, Chartered Accountant)",0.2857142857142857,0,-0.3272826166024837,0.225713839375342
Kothrud,MIT College Road,Pune,Apartment,0.19230769230769232,0.0546875,0.25,0.6941551540913922,0.15671641791044777,0.4999999999999999,0.5,0.0,Swimming Pool,0.0,0.0,"(Professor, Scientist, Research Analyst)",0.22857142857142854,0,-0.4161507750724942,0.12770334124639482
Sinhagad Road,Manik Baug,Pune,Apartment,0.09743589743589745,0.0390625,0.25,0.47619553666312436,0.08955223880597017,0.33333333333333337,0.33333333333333326,0.0,Gated Society,0.0,0.0,"(Marketing Executive, Government Officer, IT Manager)",0.08571428571428572,0,-0.5387194912370642,-0.004577735845747331
Sinhagad Road,Vadgaon Khurd,Pune,Apartment,0.06923076923076923,0.0234375,0.25,0.44442082890541973,0.06716417910447763,0.33333333333333337,0.33333333333333326,0.0,Security,0.0,0.0,"(Civil Engineer, Consultant, Professor)",0.051428571428571435,0,-0.5536357766537859,-0.03053398814314588
Hadapsar,Near SP Infocity,Pune,Apartment,0.16666666666666666,0.046875,0.25,0.6536663124335813,0.14179104477611942,0.4999999999999999,0.5,0.0,Swimming Pool,0.0,0.0,"(Corporate Manager, Data Scientist, Software Engineer)",0.19999999999999996,0,-0.4274431064532376,0.11115803662783458
Kharadi,Near World Trade Center,Pune,Apartment,0.14871794871794872,0.0390625,0.25,0.6336875664187036,0.13432835820895522,0.4999999999999999,0.5,0.0,Gated Society,0.0,0.0,"(Investment Banker, Business Consultant, IT Director)",0.2857142857142857,0,-0.418627696559346,0.11825140574901362
Magarpatta,Near Amanora Township,Pune,Apartment,0.1846153846153846,0.0546875,0.25,0.6721572794899044,0.15671641791044777,0.6666666666666666,0.6666666666666665,0.0,Clubhouse,0.0,0.0,"(Real Estate Investor, Entrepreneur, Senior Consultant)",0.3714285714285714,0,-0.31880459642352665,0.23261262267142077
Baner,Pancard Club Road,Pune,Apartment,0.2128205128205128,0.0625,0.25,0.7178533475026567,0.17164179104477612,0.6666666666666666,0.6666666666666665,0.0,Swimming Pool,0.0,0.0,"(Senior Developer, Product Manager, Startup Founder)",0.22857142857142854,0,-0.33427399818641945,0.21667773439715807
Balewadi,Near Balewadi Stadium,Pune,Apartment,0.19230769230769232,0.046875,0.25,0.7295430393198725,0.14925373134328357,0.4999999999999999,0.5,0.0,Gym,0.0,0.0,"(Athlete, Coach, Marketing Executive)",0.15428571428571425,0,-0.43043361422549026,0.10187192476727078
Pimple Nilakh,Near Rakshak Chowk,Pune,Apartment,0.16666666666666666,0.03125,0.25,0.726567481402763,0.13432835820895522,0.4999999999999999,0.5,0.0,Gated Community,0.0,0.0,"(Bank Manager, Business Owner, IT Consultant)",0.08571428571428572,0,-0.4495212883374209,0.06816611163294685
Pashan,Near Sus Road,Pune,Apartment,0.14871794871794872,0.0390625,0.25,0.6336875664187036,0.11940298507462686,0.4999999999999999,0.5,0.0,Parking,0.0,0.0,"(Scientist, Professor, Environmental Engineer)",0.12571428571428572,0,-0.4460831024136507,0.08285951777564715
Bhugaon,Near Manas Lake,Pune,Apartment,0.09487179487179487,0.015625,0.25,0.5637619553666313,0.08955223880597017,0.33333333333333337,0.33333333333333326,0.0,Security,0.0,0.0,"(Ecologist, Architect, Resort Manager)",0.057142857142857134,0,-0.5478462801778212,-0.03557328584003249
Viman Nagar,Lane 5,Pune,Apartment,0.21794871794871792,0.0625,0.25,0.7320935175345378,0.17910447761194032,0.6666666666666666,0.6666666666666665,1.0,Gym,1.0,0.0,"(Pilot, IT Consultant, Business Owner)",0.3142857142857143,1,0.9372805228793523,-0.3436781621250809
Viman Nagar,Konark Campus,Pune,Apartment,0.20512820512820515,0.046875,0.25,0.7674814027630181,0.17164179104477612,0.4999999999999999,0.5,0.0,Clubhouse,0.0,0.0,"(Hotel Manager, Air Hostess, Digital Marketer)",0.22857142857142854,0,-0.41386589426691966,0.12193607108400266
Tingre Nagar,Near Vishrantwadi,Pune,Apartment,0.046153846153846156,0.015625,0.25,0.39553666312433583,0.029850746268656733,0.33333333333333337,0.33333333333333326,0.0,Security,0.0,0.0,"(Software Developer, Doctor, CA)",0.07428571428571429,0,-0.559622447908708,-0.04254968706270671
Tingre Nagar,Airport View Society,Pune,Apartment,0.041025641025641046,0.0078125,0.25,0.4071200850159405,0.022388059701492533,0.16666666666666663,0.16666666666666663,0.0,Gated Community,0.0,0.0,"(Government Officer, Business Owner, Engineer)",0.011428571428571427,0,-0.6483861215820479,-0.14116473181181827
Nigdi,Near Bhakti Shakti Chowk,Pune,Apartment,0.05641025641025643,0.0234375,0.25,0.40191285866099896,0.05223880597014925,0.33333333333333337,0.33333333333333326,0.0,Gated Society,0.0,0.0,"(Professor, IT Professional, Marketing Manager)",0.04571428571428571,0,-0.5582493854034452,-0.034333197924057375
Nigdi,Pradhikaran,Pune,Apartment,0.06923076923076923,0.03125,0.25,0.41594048884165785,0.06716417910447763,0.4999999999999999,0.5,0.0,Swimming Pool,0.0,0.0,"(Software Engineer, Real Estate Agent, Consultant)",0.07999999999999999,0,-0.47199260185409847,0.05996657773247238
Hadapsar,Near Amanora Mall,Pune,Apartment,0.19230769230769232,0.0625,0.25,0.6612114771519659,0.15671641791044777,0.6666666666666666,0.6666666666666665,1.0,Clubhouse,1.0,0.0,"(Investment Banker, Senior Executive, IT Director)",0.3714285714285714,1,0.9398737302592641,-0.3380375675192993
Wanowrie,NIBM Road,Pune,Apartment,0.16666666666666666,0.0546875,0.25,0.6209351753453773,0.14179104477611942,0.4999999999999999,0.5,0.0,Gated Society,0.0,0.0,"(Doctor, Business Consultant, Senior IT Professional)",0.22857142857142854,0,-0.4214881986051318,0.1253745765086276
Wanowrie,Salunke Vihar,Pune,Apartment,0.15384615384615383,0.046875,0.25,0.6156216790648246,0.13432835820895522,0.4999999999999999,0.5,0.0,Clubhouse,0.0,0.0,"(Lawyer, Architect, Financial Analyst)",0.19999999999999996,0,-0.43010156387040455,0.11022575625878567
Kondhwa,Near Kausar Baug,Pune,Apartment,0.08461538461538462,0.0234375,0.25,0.4954303931987248,0.08955223880597017,0.33333333333333337,0.33333333333333326,0.0,Security,0.0,0.0,"(IT Consultant, Entrepreneur, Business Owner)",0.14285714285714285,0,-0.534082812496327,-0.0084124250470398
Kondhwa,Near Mohammadwadi,Pune,Apartment,0.07179487179487179,0.015625,0.25,0.48405951115834217,0.08208955223880597,0.33333333333333337,0.33333333333333326,0.0,Swimming Pool,0.0,0.0,"(Doctor, Lawyer, Software Engineer)",0.11428571428571427,0,-0.5426528816207372,-0.022581259075357196
Lonavala,Near Tungarli Lake,Pune,Villa,0.5641025641025641,0.453125,0.75,0.4486716259298618,0.4776119402985075,0.8333333333333334,0.8333333333333333,1.0,Swimming Pool,1.0,0.0,"(Celebrity, Business Tycoon, High Net Worth Individual)",0.42857142857142855,2,1.250511987240448,0.4296042983571793
Lavasa,Near Dasve Town,Pune,Villa,0.4871794871794871,0.375,0.5,0.4638682252922423,0.4402985074626866,0.6666666666666666,0.6666666666666665,1.0,Private Lake Access,1.0,0.0,"(Investor, Hotelier, Entrepreneur)",0.3142857142857143,2,1.0960971385654843,0.1384589320037011
Mulshi,Near Temghar Dam,Pune,Farmhouse,0.3589743589743589,0.609375,0.5,0.12986184909670562,0.3283582089552239,0.6666666666666666,0.6666666666666665,1.0,Private Garden,1.0,0.0,"(Agriculturalist, Business Owner, Celebrity)",0.19999999999999996,3,1.0818581298508907,0.19226368766448249
Manjri,Manjri Greens,Pune,Apartment,0.046153846153846156,0.015625,0.25,0.39553666312433583,0.04477611940298508,0.16666666666666663,0.16666666666666663,0.0,Gated Security,0.0,0.0,"(IT Engineer, Doctor, Chartered Accountant)",0.04571428571428571,0,-0.637688878630235,-0.11993940719941158
Warje,Near NDA Road,Pune,Apartment,0.07179487179487179,0.03125,0.25,0.42412327311370884,0.06716417910447763,0.4999999999999999,0.5,0.0,Gym,0.0,0.0,"(Doctor, Engineer, Business Consultant)",0.07999999999999999,0,-0.4716817974888163,0.05955941763207515
Warje,Malwadi,Pune,Apartment,0.06410256410256412,0.0234375,0.25,0.4274176408076515,0.05970149253731345,0.33333333333333337,0.33333333333333326,0.0,Clubhouse,0.0,0.0,"(IT Professional, Consultant, Financial Analyst)",0.04571428571428571,0,-0.556239881647913,-0.03320553602044004
Vadgaon Budruk,Near Sinhagad Road,Pune,Apartment,0.046153846153846156,0.015625,0.25,0.39553666312433583,0.04477611940298508,0.16666666666666663,0.16666666666666663,0.0,Parking,0.0,0.0,"(Retail Manager, Government Employee, Teacher)",0.0,0,-0.6449138935072058,-0.1286205884081646
Vadgaon Sheri,Mhada Colony,Pune,Apartment,0.09487179487179487,0.03125,0.25,0.4977683315621679,0.08955223880597017,0.33333333333333337,0.33333333333333326,0.0,Gated Security,0.0,0.0,"(IT Professional, Financial Analyst, Marketing Manager)",0.08571428571428572,0,-0.5404483008726234,-0.012479980630274484
Nanded,Near Nanded City Township,Pune,Apartment,0.06410256410256412,0.0234375,0.25,0.4274176408076515,0.05970149253731345,0.33333333333333337,0.33333333333333326,0.0,Gated Security,0.0,0.0,"(Doctor, Engineer, Software Developer)",0.07428571428571429,0,-0.5517242473498063,-0.027779797764969423
Bhugaon,Near Bavdhan,Pune,Apartment,0.06410256410256412,0.0234375,0.25,0.4274176408076515,0.05970149253731345,0.33333333333333337,0.33333333333333326,0.0,Swimming Pool,0.0,0.0,"(Corporate Professional, Consultant, Business Owner)",0.14285714285714285,0,-0.5408867250343503,-0.014758025951839946
Bhukum,Near Oxford Golf Resort,Pune,Villa,0.3076923076923077,0.296875,0.5,0.34240170031880973,0.291044776119403,0.6666666666666666,0.6666666666666665,1.0,Private Garden,1.0,0.0,"(Investor, Entrepreneur, Business Tycoon)",0.19999999999999996,3,1.0193205909386973,-0.012792296101068659
Mulshi,Near Temghar Dam,Pune,Farmhouse,0.3846153846153846,0.609375,0.5,0.15111583421891606,0.3283582089552239,0.6666666666666666,0.6666666666666665,1.0,Private Garden,1.0,0.0,"(Agriculturalist, Business Owner, Celebrity)",0.19999999999999996,3,1.0853991349123369,0.19799194887575516
Wanowrie,Fatima Nagar,Pune,Apartment,0.06923076923076923,0.03125,0.25,0.41594048884165785,0.0746268656716418,0.33333333333333337,0.33333333333333326,0.0,Gated Society,0.0,0.0,"(Software Developer, Consultant, Lawyer)",0.04571428571428571,0,-0.5520460863277005,-0.021012166926692083
Wanowrie,Sadar Bazaar,Pune,Apartment,0.07435897435897437,0.0390625,0.25,0.40541976620616366,0.08208955223880597,0.4999999999999999,0.33333333333333326,0.0,Security,0.0,0.0,"(Business Owner, Military Personnel, Consultant)",0.07999999999999999,0,-0.5027808142559284,0.033601523755223614
Vadgaon Sheri,Chandan Nagar,Pune,Apartment,0.09230769230769231,0.0390625,0.25,0.46046758767268864,0.08208955223880597,0.33333333333333337,0.33333333333333326,0.0,Gated Security,0.0,0.0,"(IT Professional, Financial Analyst, Marketing Manager)",0.08571428571428572,0,-0.5404295843485937,-0.006370448960689344
Kharadi,Yerwada Bridge Area,Pune,Apartment,0.158974358974359,0.0625,0.25,0.5690754516471839,0.17164179104477612,0.4999999999999999,0.5,1.0,Gym,1.0,0.0,"(Corporate Executive, IT Director, Business Owner)",0.3142857142857143,1,0.8531494245808656,-0.4178637718639298
Yerwada,Tingre Nagar,Pune,Apartment,0.11538461538461539,0.046875,0.25,0.501806588735388,0.11940298507462686,0.33333333333333337,0.33333333333333326,0.0,Clubhouse,0.0,0.0,"(Software Engineer, Consultant, Entrepreneur)",0.08571428571428572,0,-0.530776475374463,0.011206525154971461
Bhugaon,NDA Road,Pune,Apartment,0.06410256410256412,0.0234375,0.25,0.4274176408076515,0.05970149253731345,0.33333333333333337,0.33333333333333326,0.0,Swimming Pool,0.0,0.0,"(Corporate Professional, Consultant, Business Owner)",0.14285714285714285,0,-0.5408867250343503,-0.014758025951839946
Bhukum,Near Golf Course,Pune,Villa,0.3076923076923077,0.296875,0.5,0.34240170031880973,0.291044776119403,0.6666666666666666,0.6666666666666665,1.0,Private Garden,1.0,0.0,"(Investor, Entrepreneur, Business Tycoon)",0.19999999999999996,3,1.0193205909386973,-0.012792296101068659
Mulshi,Near Temghar Dam,Pune,Farmhouse,0.3846153846153846,0.609375,0.5,0.15111583421891606,0.3283582089552239,0.6666666666666666,0.6666666666666665,1.0,Private Garden,1.0,0.0,"(Agriculturalist, Business Owner, Celebrity)",0.19999999999999996,3,1.0853991349123369,0.19799194887575516
Bibwewadi,Mukund Nagar,Pune,Apartment,0.07435897435897437,0.0390625,0.25,0.40541976620616366,0.08208955223880597,0.4999999999999999,0.33333333333333326,0.0,Security,0.0,0.0,"(Business Owner, Military Personnel, Consultant)",0.07999999999999999,0,-0.5027808142559284,0.033601523755223614
Vadgaon Sheri,Nagar Road,Pune,Apartment,0.08974358974358976,0.03125,0.25,0.4814027630180659,0.08208955223880597,0.33333333333333337,0.33333333333333326,0.0,Gated Security,0.0,0.0,"(IT Professional, Financial Analyst, Marketing Manager)",0.08571428571428572,0,-0.5421538364956411,-0.014169537300845535
Hingne Khurd,Near MIT College,Pune,Apartment,0.05384615384615385,0.015625,0.25,0.4221041445270988,0.05970149253731345,0.33333333333333337,0.33333333333333326,0.0,Gated Security,0.0,0.0,"(Professor, Lawyer, Senior Executive)",0.10857142857142854,0,-0.5489499981322734,-0.02757143604571322
Sinhagad Road,Manik Baug,Pune,Apartment,0.05897435897435899,0.0234375,0.25,0.41041445270988314,0.06716417910447763,0.33333333333333337,0.33333333333333326,0.0,Clubhouse,0.0,0.0,"(Corporate Employee, Doctor, Engineer)",0.14285714285714285,0,-0.5404198493839489,-0.011336672435309014
Magarpatta,South Gate,Pune,Apartment,0.16666666666666666,0.046875,0.25,0.6156216790648246,0.16417910447761191,0.4999999999999999,0.5,1.0,Clubhouse,1.0,0.0,"(Corporate Executive, IT Director, Business Owner)",0.3142857142857143,1,0.8504300324844846,-0.43213890132917526
Mundhwa,Keshav Nagar,Pune,Apartment,0.11538461538461539,0.046875,0.25,0.501806588735388,0.10447761194029852,0.33333333333333337,0.33333333333333326,1.0,Security,0.0,0.0,"(Software Engineer, Consultant, Entrepreneur)",0.08571428571428572,0,0.09989956717925501,-0.3585925763067355
Kharadi,EON IT Park,Pune,Apartment,0.14102564102564105,0.046875,0.25,0.577683315621679,0.14179104477611942,0.4999999999999999,0.5,1.0,Gated Community,1.0,0.0,"(Software Engineer, Investment Banker, Startup Founder)",0.22857142857142854,1,0.8302095981340843,-0.45895674762658173
Pashan,Near Balaji Temple,Pune,Apartment,0.07179487179487179,0.03125,0.25,0.42412327311370884,0.06716417910447763,0.33333333333333337,0.33333333333333326,0.0,Gym,0.0,0.0,"(Scientist, Senior Consultant, Investment Banker)",0.2857142857142857,0,-0.5148878807507757,0.02165299744749839
Pashan,Sus Road,Pune,Apartment,0.08205128205128207,0.046875,0.25,0.40308182784272056,0.08208955223880597,0.33333333333333337,0.33333333333333326,0.0,Swimming Pool,0.0,0.0,"(Researcher, Corporate Executive, Professor)",0.2114285714285714,0,-0.5204224655358705,0.026615593094926684
Mulshi,Near Temghar Dam,Pune,Farmhouse,0.3846153846153846,0.609375,0.5,0.15111583421891606,0.3283582089552239,0.6666666666666666,0.6666666666666665,1.0,Private Garden,1.0,0.0,"(Agriculturalist, Business Owner, Celebrity)",0.19999999999999996,3,1.0853991349123369,0.19799194887575516
Undri,Near Bishopâ€™s School,Pune,Apartment,0.07692307692307693,0.03125,0.25,0.4404888416578108,0.06716417910447763,0.33333333333333337,0.33333333333333326,0.0,Gym,0.0,0.0,"(Software Engineer, Architect, HR Manager)",0.04571428571428571,0,-0.5521976001243079,-0.024737524099249255
Mohamadwadi,NIBM Annexe,Pune,Apartment,0.08974358974358976,0.046875,0.25,0.4259298618490967,0.08955223880597017,0.33333333333333337,0.33333333333333326,0.0,Gated Security,0.0,0.0,"(Consultant, Banker, IT Director)",0.17142857142857143,0,-0.5247158602622217,0.02057703995909765
Pimple Gurav,Kate Wasti,Pune,Apartment,0.07435897435897437,0.015625,0.25,0.49298618490967056,0.0746268656716418,0.16666666666666663,0.16666666666666663,0.0,Gated Society,0.0,0.0,"(Retail Manager, HR Executive, Civil Engineer)",0.0,0,-0.6372125086185936,-0.12428733387806709
Nigdi,Pradhikaran,Pune,Apartment,0.08205128205128207,0.046875,0.25,0.40308182784272056,0.08208955223880597,0.33333333333333337,0.33333333333333326,0.0,Swimming Pool,0.0,0.0,"(Researcher, Corporate Executive, Professor)",0.2114285714285714,0,-0.5204224655358705,0.026615593094926684
Mulshi,Near Temghar Dam,Pune,Farmhouse,0.3846153846153846,0.609375,0.5,0.15111583421891606,0.3283582089552239,0.6666666666666666,0.6666666666666665,1.0,Private Garden,1.0,0.0,"(Agriculturalist, Business Owner, Celebrity)",0.19999999999999996,3,1.0853991349123369,0.19799194887575516
Bhugaon,Near Manas Lake,Pune,Apartment,0.06410256410256412,0.0390625,0.25,0.3738575982996812,0.06716417910447763,0.33333333333333337,0.33333333333333326,0.0,Gated Security,0.0,0.0,"(Business Consultant, Corporate Manager, Lawyer)",0.10857142857142854,0,-0.5424280853185147,-0.0031090186979863435
Junnar,Near Shivneri Fort,Pune,Farmhouse,0.46153846153846145,0.765625,0.75,0.12986184909670562,0.3656716417910448,0.8333333333333334,0.6666666666666665,1.0,Private Garden,1.0,0.0,"(Business Owner, Entrepreneur, Celebrity)",0.42857142857142855,2,1.2349978701618887,0.5083709408776447
Bibwewadi,Upper Indira Nagar,Pune,Apartment,0.06410256410256412,0.03125,0.25,0.39957492029755576,0.06716417910447763,0.33333333333333337,0.33333333333333326,0.0,Gated Society,0.0,0.0,"(Doctor, Banker, IT Consultant)",0.08571428571428572,0,-0.5474297339333689,-0.015105690039604255
Bibwewadi,Gangadham Chowk,Pune,Apartment,0.07435897435897437,0.0390625,0.25,0.40531349628055263,0.08208955223880597,0.4999999999999999,0.33333333333333326,0.0,Clubhouse,0.0,0.0,"(Chartered Accountant, Software Engineer, HR Manager)",0.12571428571428572,0,-0.4955550397975389,0.04229989770470509
Nanded City,Pancham Society,Pune,Apartment,0.09487179487179487,0.046875,0.25,0.44102019128586606,0.08955223880597017,0.33333333333333337,0.33333333333333326,0.0,Swimming Pool,0.0,0.0,"(Corporate Manager, IT Consultant, Lawyer)",0.15428571428571425,0,-0.5267945171334981,0.01671358969376285
Vadgaon Sheri,Shastri Nagar,Pune,Apartment,0.07948717948717948,0.0234375,0.25,0.47842720510095643,0.0746268656716418,0.33333333333333337,0.33333333333333326,0.0,Gated Security,0.0,0.0,"(IT Professional, Financial Analyst, Researcher)",0.08571428571428572,0,-0.5458989861194998,-0.023354178655546575
Vadgaon Sheri,Pratik Nagar,Pune,Apartment,0.06410256410256412,0.015625,0.25,0.4574920297555792,0.06716417910447763,0.33333333333333337,0.33333333333333326,0.0,Gym,0.0,0.0,"(Professor, Consultant, Business Owner)",0.051428571428571435,0,-0.555673111910371,-0.03797749460509036
Yerwada,Near Golf Course,Pune,Apartment,0.14102564102564105,0.0625,0.25,0.5195536663124336,0.14179104477611942,0.6666666666666666,0.5,1.0,Swimming Pool,1.0,0.0,"(Investment Banker, Senior Consultant, Business Owner)",0.3142857142857143,1,0.8873261157295687,-0.38771618150026654
Maval,Lonavala Road,Pune,Farmhouse,0.6153846153846153,0.921875,0.75,0.16025504782146655,0.4029850746268657,0.9999999999999999,0.8333333333333333,1.0,Private Garden,1.0,0.0,"(Business Owner, Entrepreneur, Celebrity)",0.42857142857142855,2,1.3621828920789474,0.7178545427708115
Lavasa,Dasve,Pune,Villa,0.7435897435897435,1.0,0.75,0.20074388947927735,0.4402985074626866,0.9999999999999999,0.8333333333333333,1.0,Private Lake Access,1.0,0.0,"(Investor, Politician, NRI)",0.42857142857142855,2,1.397830957477159,0.8046119145043887
Khanapur,Near Sinhagad Fort,Pune,Villa,0.15384615384615383,0.21875,0.5,0.21487778958554732,0.14179104477611942,0.33333333333333337,0.33333333333333326,0.0,Private Garden,0.0,0.0,"(Entrepreneur, Corporate Executive, Consultant)",0.2571428571428571,0,-0.43435012475012774,0.3033807524313435
Donaje,Near Sinhagad Base,Pune,Farmhouse,0.23076923076923075,0.609375,0.75,0.023591923485653532,0.17910447761194032,0.4999999999999999,0.5,1.0,Swimming Pool,1.0,0.0,"(Industrialist, Business Tycoon, NRI)",0.42857142857142855,3,1.0348544087740927,0.1950169431468742
Khadakwasla,Near Backwater View,Pune,Villa,0.20512820512820515,0.25,0.5,0.2557917109458024,0.16417910447761191,0.4999999999999999,0.33333333333333326,1.0,Gated Security,0.0,0.0,"(Retired Professional, Business Owner, Investor)",0.17142857142857143,0,0.24085682182699228,-0.0059119687631721705
Lavale,Near Symbiosis University,Pune,Apartment,0.06410256410256412,0.03125,0.25,0.39957492029755576,0.06716417910447763,0.33333333333333337,0.33333333333333326,0.0,Clubhouse,0.0,0.0,"(Professor, Researcher, Corporate Trainer)",0.08571428571428572,0,-0.5474297339333689,-0.015105690039604255
Sus Gaon,Near Sus Road,Pune,Apartment,0.07179487179487179,0.0390625,0.25,0.39755579171094585,0.0746268656716418,0.33333333333333337,0.33333333333333326,0.0,Gym,0.0,0.0,"(IT Consultant, Senior Engineer, Startup Founder)",0.12571428571428572,0,-0.5376962881000019,0.0015663627512978663
Bhugaon,Near Chandani Chowk,Pune,Apartment,0.08974358974358976,0.046875,0.25,0.4259298618490967,0.08955223880597017,0.33333333333333337,0.33333333333333326,0.0,Gated Community,0.0,0.0,"(Bank Manager, Financial Advisor, Business Consultant)",0.12571428571428572,0,-0.5319408751391925,0.011895858750344683
Velhe,Near Torna Fort,Pune,Farmhouse,0.16666666666666666,0.53125,0.5,0.0,0.16417910447761191,0.33333333333333337,0.33333333333333326,0.0,Private Garden,0.0,0.0,"(Industrialist, Business Owner, Celebrity)",0.42857142857142855,0,-0.35240930506075313,0.5226114382475554
Mohammed Wadi,Near Kausar Baug,Pune,Apartment,0.05641025641025643,0.0234375,0.25,0.40191285866099896,0.04477611940298508,0.33333333333333337,0.33333333333333326,0.0,Gym,0.0,0.0,"(Software Engineer, Professor, Sales Consultant)",0.04571428571428571,0,-0.5593333122958987,-0.03683707479542286
Talawade IT Park,Near MIDC Area,Pune,Apartment,0.051282051282051294,0.03125,0.25,0.3587672688629118,0.029850746268656733,0.33333333333333337,0.33333333333333326,0.0,Clubhouse,0.0,0.0,"(Software Developer, Data Scientist, UX Designer)",0.08571428571428572,0,-0.5544041498034654,-0.025606466635174095
Pashan Gaon,Near Chandni Chowk,Pune,Apartment,0.07948717948717948,0.046875,0.25,0.39553666312433583,0.06716417910447763,0.4999999999999999,0.5,0.0,Gated Community,0.0,0.0,"(Doctor, Consultant, Financial Analyst)",0.12571428571428572,0,-0.46073393386056405,0.08260636386577529
Mutha Village,Near Mutha River,Pune,Villa,0.19230769230769232,0.21875,0.5,0.2786397449521785,0.17910447761194032,0.4999999999999999,0.33333333333333326,1.0,Private Garden,0.0,0.0,"(Retired Professional, Artist, Nature Enthusiast)",0.17142857142857143,0,0.2361936150420749,-0.02316580887933293
Kusgaon,Near Lonavala,Pune,Farmhouse,0.3076923076923077,0.53125,0.75,0.12986184909670562,0.2537313432835821,0.6666666666666666,0.5,1.0,Swimming Pool,1.0,0.0,"(Industrialist, Politician, Celebrity)",0.42857142857142855,3,1.08470311430399,0.23397707161302736
Lavale Hills,Near Symbiosis University,Pune,Apartment,0.06410256410256412,0.03125,0.25,0.39957492029755576,0.06716417910447763,0.33333333333333337,0.33333333333333326,0.0,Clubhouse,0.0,0.0,"(Professor, Researcher, Entrepreneur)",0.08571428571428572,0,-0.5474297339333689,-0.015105690039604255
Panshet,Near Panshet Dam,Pune,Farmhouse,0.3589743589743589,0.609375,0.75,0.12986184909670562,0.3283582089552239,0.8333333333333334,0.6666666666666665,1.0,Private Garden,1.0,0.0,"(Wealthy Industrialist, Celebrity, High Net-worth Individual)",0.42857142857142855,2,1.190700100857776,0.3892755694740374
Velhe,Near Torna Fort,Pune,Farmhouse,0.19230769230769232,0.53125,0.5,0.023591923485653532,0.16417910447761191,0.4999999999999999,0.5,0.0,Private Garden,0.0,0.0,"(Politician, Entrepreneur, Investor)",0.42857142857142855,0,-0.2731663605821895,0.6049331947867664
Gokhale Nagar,Near University Road,Pune,Apartment,0.08974358974358976,0.0390625,0.25,0.45260361317747083,0.08955223880597017,0.4999999999999999,0.5,0.0,Gym,0.0,0.0,"(Professor, Engineer, Researcher)",0.08571428571428572,0,-0.46394009035735057,0.07346074541285309
Chakan Talegaon Road,Near Induri,Pune,Apartment,0.07435897435897437,0.0546875,0.25,0.357066950053135,0.06716417910447763,0.33333333333333337,0.33333333333333326,0.0,Clubhouse,0.0,0.0,"(Automobile Engineer, Logistic Manager, Industrialist)",0.07999999999999999,0,-0.5429358922682915,0.0048392947863239895
Undri Gaothan,Near Handewadi Road,Pune,Apartment,0.05641025641025643,0.0390625,0.25,0.35026567481402765,0.05223880597014925,0.33333333333333337,0.33333333333333326,0.0,Gated Community,0.0,0.0,"(IT Manager, Financial Consultant, Professor)",0.051428571428571435,0,-0.5545664570282492,-0.017901503317023358
Bhugaon Hills,Near Lavale Road,Pune,Apartment,0.08974358974358976,0.046875,0.25,0.4259298618490967,0.0746268656716418,0.4999999999999999,0.5,0.0,Gated Security,0.0,0.0,"(Architect, Entrepreneur, Investment Banker)",0.15428571428571425,0,-0.45387444441766533,0.08928557888704951
Pashan Sus Road,Near Mahalunge,Pune,Apartment,0.08205128205128207,0.0390625,0.25,0.4290116896918172,0.06716417910447763,0.4999999999999999,0.5,0.0,Clubhouse,0.0,0.0,"(Consultant, Senior Executive, Corporate Trainer)",0.12571428571428572,0,-0.461809232345976,0.07461189399105066
Temghar Dam Road,Near Paud Village,Pune,Villa,0.2948717948717948,0.375,0.75,0.23613177470775776,0.2164179104477612,0.6666666666666666,0.6666666666666665,1.0,Private Garden,1.0,0.0,"(Retired CEO, Politician, High Net Worth Individual)",0.42857142857142855,3,1.087546159778622,0.1681764806347645
Lavasa Approach Road,Near Mutha Valley,Pune,Villa,0.3589743589743589,0.609375,0.75,0.12986184909670562,0.3283582089552239,0.8333333333333334,0.6666666666666665,1.0,Private Garden,1.0,0.0,"(Resort Owner, Real Estate Investor, Celebrity)",0.42857142857142855,2,1.190700100857776,0.3892755694740374
Panshet Gaothan,Near Panshet Dam,Pune,Farmhouse,0.20512820512820515,0.53125,0.5,0.035387885228480354,0.16417910447761191,0.4999999999999999,0.5,0.0,Private Garden,0.0,0.0,"(Wealthy Industrialist, Celebrity, High Net-worth Individual)",0.42857142857142855,0,-0.27140421344707116,0.6076082052443891
Chakan,Chakan MIDC,Pune,Apartment,0.07435897435897437,0.0546875,0.25,0.357066950053135,0.06716417910447763,0.33333333333333337,0.33333333333333326,0.0,Clubhouse,0.0,0.0,"(Automobile Engineer, Logistic Manager, Industrialist)",0.07999999999999999,0,-0.5429358922682915,0.0048392947863239895
Undri,Undri Gaothan,Pune,Apartment,0.05641025641025643,0.0390625,0.25,0.35026567481402765,0.05223880597014925,0.33333333333333337,0.33333333333333326,0.0,Gated Community,0.0,0.0,"(IT Manager, Financial Consultant, Professor)",0.051428571428571435,0,-0.5545664570282492,-0.017901503317023358
Baner,Pashan Sus Road,Pune,Apartment,0.08205128205128207,0.0390625,0.25,0.4290116896918172,0.06716417910447763,0.4999999999999999,0.5,0.0,Clubhouse,0.0,0.0,"(Consultant, Senior Executive, Corporate Trainer)",0.12571428571428572,0,-0.461809232345976,0.07461189399105066
Lavale,Lavale Phata,Pune,Villa,0.2948717948717948,0.375,0.75,0.23613177470775776,0.2164179104477612,0.6666666666666666,0.6666666666666665,1.0,Private Garden,1.0,0.0,"(Retired CEO, Politician, High Net Worth Individual)",0.42857142857142855,3,1.087546159778622,0.1681764806347645
Panshet,Panshet Gaothan,Pune,Farmhouse,0.20512820512820515,0.53125,0.5,0.035387885228480354,0.16417910447761191,0.4999999999999999,0.5,0.0,Private Garden,0.0,0.0,"(Industrialist, Celebrity, Wealthy Investor)",0.42857142857142855,0,-0.27140421344707116,0.6076082052443891
Ambegaon,Ambegaon Pathar,Pune,Apartment,0.03589743589743591,0.02812500000000001,0.25,0.3191285866099894,0.029850746268656733,0.16666666666666663,0.16666666666666663,0.0,Gym,0.0,0.0,"(Software Developer, Data Scientist, Entrepreneur)",0.08571428571428572,0,-0.6325373579389676,-0.1030635705739702
Sinhagad Road,Kirkatwadi,Pune,Apartment,0.06410256410256412,0.046875,0.25,0.34994686503719447,0.06716417910447763,0.33333333333333337,0.33333333333333326,0.0,Security,0.0,0.0,"(Investment Banker, Senior Analyst, Consultant)",0.15428571428571425,0,-0.5338268421492923,0.012935966655623576
Warje,Warje Malwadi,Pune,Apartment,0.046153846153846156,0.03125,0.25,0.34240170031880973,0.04477611940298508,0.33333333333333337,0.33333333333333326,0.0,Swimming Pool,0.0,0.0,"(Doctor, Financial Advisor, IT Manager)",0.08571428571428572,0,-0.5528579047491223,-0.019784392691648636
Vadgaon Sheri,Sainikwadi,Pune,Apartment,0.08205128205128207,0.0390625,0.25,0.4290116896918172,0.06716417910447763,0.4999999999999999,0.5,0.0,Gated Security,0.0,0.0,"(Corporate Trainer, IT Director, Business Owner)",0.17142857142857143,0,-0.4545842174690052,0.08329307519980365
Viman Nagar,Lunkad Colony,Pune,Apartment,0.16666666666666666,0.0625,0.25,0.5903294367693943,0.17910447761194032,0.6666666666666666,0.6666666666666665,1.0,Private Terrace,1.0,0.0,"(Startup Founder, Consultant, Venture Capitalist)",0.3142857142857143,1,0.9309079618014708,-0.3390766647072072
Pashan,Someshwarwadi,Pune,Apartment,0.09487179487179487,0.046875,0.25,0.4411264612114772,0.08955223880597017,0.4999999999999999,0.5,0.0,Parking,0.0,0.0,"(Senior IT Professional, Financial Analyst, Lecturer)",0.12571428571428572,0,-0.4555922608046957,0.08824239432152892
Balewadi,Mahalunge-Balewadi Road,Pune,Apartment,0.13333333333333333,0.0703125,0.25,0.47268862911795967,0.14179104477611942,0.4999999999999999,0.5,1.0,Clubhouse,1.0,0.0,"(Senior Manager, IT Architect, Product Lead)",0.22857142857142854,1,0.8334681555913219,-0.43423405015108235
Hinjewadi,Marunji,Pune,Apartment,0.12307692307692306,0.046875,0.25,0.524548352816153,0.11940298507462686,0.33333333333333337,0.33333333333333326,0.0,Security,0.0,0.0,"(Software Engineer, Data Engineer, Business Analyst)",0.08571428571428572,0,-0.5298311493945,0.01027732144616431
Wakad,Shankar Kalat Nagar,Pune,Apartment,0.09743589743589745,0.03125,0.25,0.5058448459086078,0.08208955223880597,0.33333333333333337,0.33333333333333326,0.0,Gated Community,0.0,0.0,"(Sales Manager, IT Consultant, HR Manager)",0.08571428571428572,0,-0.5412206638183762,-0.015373824861308711
Tathawade,Punawale Road,Pune,Apartment,0.06923076923076923,0.0234375,0.25,0.44442082890541973,0.06716417910447763,0.33333333333333337,0.33333333333333326,0.0,Gym,0.0,0.0,"(Marketing Executive, Entrepreneur, Investor)",0.06857142857142856,0,-0.5509263960749219,-0.02727854518986352
Ravet,Gahunje,Pune,Apartment,0.07435897435897437,0.03125,0.25,0.43230605738575983,0.0746268656716418,0.33333333333333337,0.33333333333333326,0.0,Security,0.0,0.0,"(Finance Manager, IT Consultant, Corporate Executive)",0.11428571428571427,0,-0.5405869552816802,-0.008804715314357031
Kharadi,Thite Nagar,Pune,Apartment,0.14102564102564105,0.046875,0.25,0.577683315621679,0.14179104477611942,0.4999999999999999,0.5,1.0,Clubhouse,1.0,0.0,"(Software Engineer, Investment Banker, Senior Executive)",0.22857142857142854,1,0.8302095981340843,-0.45895674762658173
Bibwewadi,Gangadham,Pune,Apartment,0.10769230769230773,0.046875,0.25,0.4790648246546227,0.10447761194029852,0.4999999999999999,0.5,1.0,Gated Security,1.0,0.0,"(Business Owner, Senior Consultant, Chartered Accountant)",0.15428571428571425,1,0.8089534083045113,-0.48154504021564937
Wanowrie,Salunke Vihar,Pune,Apartment,0.1,0.046875,0.25,0.45621679064824655,0.09701492537313434,0.4999999999999999,0.5,0.0,Clubhouse,0.0,0.0,"(Doctor, Lawyer, Business Executive)",0.12571428571428572,0,-0.4538776102046543,0.09013826388084192
Mundhwa,Ghorpadi,Pune,Apartment,0.11538461538461539,0.046875,0.25,0.501806588735388,0.10447761194029852,0.4999999999999999,0.5,1.0,Gym,1.0,0.0,"(Software Engineer, Corporate Trainer, Financial Analyst)",0.08571428571428572,1,0.7990612119690182,-0.49549601573758606
Magarpatta,Cosmos Towers,Pune,Apartment,0.15384615384615383,0.0625,0.25,0.554941551540914,0.14179104477611942,0.6666666666666666,0.6666666666666665,1.0,Private Terrace,1.0,0.0,"(Entrepreneur, IT Director, Venture Capitalist)",0.3142857142857143,1,0.9238948072790233,-0.3504542710799305
Kondhwa,NIBM Road,Pune,Apartment,0.06410256410256412,0.0390625,0.25,0.3738575982996812,0.05970149253731345,0.4999999999999999,0.5,0.0,Gated Community,0.0,0.0,"(Bank Manager, Consultant, Investment Analyst)",0.07999999999999999,0,-0.47230899630074735,0.06593310179914273
Katraj,Bharati Vidyapeeth,Pune,Apartment,0.04871794871794874,0.03125,0.25,0.35058448459086083,0.04477611940298508,0.33333333333333337,0.33333333333333326,0.0,Swimming Pool,0.0,0.0,"(Professor, Marketing Manager, IT Professional)",0.051428571428571435,0,-0.5579658615415685,-0.02670243869861058
Mohamadwadi,Cloud 9 Society,Pune,Apartment,0.06923076923076923,0.0390625,0.25,0.3895855472901169,0.06716417910447763,0.33333333333333337,0.33333333333333326,0.0,Gym,0.0,0.0,"(Retail Business Owner, HR Consultant, Business Advisor)",0.051428571428571435,0,-0.5508331876956523,-0.014671658965350994
Undri,Near Bishopâ€™s School,Pune,Apartment,0.06410256410256412,0.0546875,0.25,0.3277364505844846,0.06716417910447763,0.4999999999999999,0.5,0.0,Clubhouse,0.0,0.0,"(IT Manager, Consultant, Startup Founder)",0.15428571428571425,0,-0.4567441169514114,0.09699642257278974
Undri,Near Clover Highlands,Pune,Apartment,0.06923076923076923,0.0625,0.25,0.3211477151965994,0.0746268656716418,0.4999999999999999,0.5,0.0,Gated Security,0.0,0.0,"(Entrepreneur, Lawyer, Senior Analyst)",0.22857142857142854,0,-0.44192854009383226,0.12000196818588484
Mohamadwadi,Near Dorabjee Mall,Pune,Apartment,0.08205128205128207,0.0703125,0.25,0.33549415515409137,0.08955223880597017,0.4999999999999999,0.5,0.0,Swimming Pool,0.0,0.0,"(Doctor, Software Engineer, Financial Advisor)",0.15428571428571425,0,-0.4485520958298746,0.11666062462547552
Mohamadwadi,Near Corinthians Club,Pune,Apartment,0.08717948717948718,0.078125,0.25,0.32911795961742824,0.09701492537313434,0.4999999999999999,0.5,0.0,Gym,0.0,0.0,"(Investment Banker, Consultant, Business Owner)",0.2857142857142857,0,-0.4247067695389194,0.1504832612680548
Dighi,Bhosari Road,Pune,Apartment,0.041025641025641046,0.046875,0.25,0.281721572794899,0.04477611940298508,0.33333333333333337,0.33333333333333326,0.0,Security,0.0,0.0,"(Factory Worker, Supervisor, IT Technician)",0.011428571428571427,0,-0.562492772257076,-0.018916744109404412
Dighi,Near Air Force Station,Pune,Apartment,0.046153846153846156,0.0546875,0.25,0.27640807651434646,0.05223880597014925,0.33333333333333337,0.33333333333333326,0.0,Gym,0.0,0.0,"(Defense Officer, Teacher, Financial Analyst)",0.07999999999999999,0,-0.5485894372361418,0.0027973409638545293
Bhosari,Near MIDC Area,Pune,Apartment,0.051282051282051294,0.0625,0.25,0.271519659936238,0.05970149253731345,0.4999999999999999,0.33333333333333326,0.0,Gated Community,0.0,0.0,"(Engineer, Technician, Local Business Owner)",0.11428571428571427,0,-0.4993644229795579,0.05649981638715971
Bhosari,Landewadi,Pune,Apartment,0.05641025641025643,0.0703125,0.25,0.26695005313496284,0.06716417910447763,0.4999999999999999,0.33333333333333326,0.0,Security,0.0,0.0,"(Retail Business, Sales Executive, IT Consultant)",0.07999999999999999,0,-0.5017226885017384,0.05856089455562498
Hadaosar,Ramtekdi Industrial Area,Pune,Apartment,0.06153846153846154,0.078125,0.25,0.26269925611052075,0.0746268656716418,0.4999999999999999,0.5,0.0,Gated Society,0.0,0.0,"(Factory Manager, Logistics Coordinator, HR Professional)",0.14857142857142858,0,-0.45285177780571595,0.11850674062603918
Hadapsar,Near Amanora Mall,Pune,Apartment,0.06666666666666668,0.0859375,0.25,0.2586609989373007,0.08208955223880597,0.6666666666666666,0.5,1.0,Clubhouse,1.0,0.0,"(Corporate Executive, Consultant, Startup Founder)",0.22857142857142854,3,0.8598790655965508,-0.39791366744152246
Hadapsar,SP Infocity,Pune,Apartment,0.07179487179487179,0.09375,0.25,0.25483528161530283,0.08955223880597017,0.6666666666666666,0.5,1.0,Gym,1.0,0.0,"(Software Engineer, Project Manager, Business Owner)",0.19428571428571428,3,0.8575154830044398,-0.39597293845815673
Manjari,Near Manjari Stud Farm,Pune,Apartment,0.07692307692307693,0.1015625,0.25,0.25132837407013814,0.09701492537313434,0.6666666666666666,0.5,1.0,Gated Community,1.0,0.0,"(IT Director, CEO, Senior Consultant)",0.3028571428571428,3,0.8777277931586063,-0.3669550964196233
Keshav Nagar,Near EON IT Park,Pune,Apartment,0.08205128205128207,0.109375,0.25,0.24792773645058447,0.10447761194029852,0.6666666666666666,0.6666666666666665,1.0,Security,1.0,0.0,"(Software Developer, Investment Banker, Entrepreneur)",0.3714285714285714,3,0.9265926272032795,-0.3071467922750371
Mundhwa,Ghorpadi,Pune,Apartment,0.08717948717948718,0.1171875,0.25,0.24473963868225296,0.11194029850746269,0.8333333333333334,0.6666666666666665,1.0,Clubhouse,1.0,0.0,"(Doctor, Lawyer, Business Consultant)",0.23428571428571426,3,0.9487116823685253,-0.2862738302362118
Viman Nagar,Near Phoenix Marketcity,Pune,Apartment,0.09230769230769231,0.125,0.25,0.2417640807651435,0.11940298507462686,0.8333333333333334,0.6666666666666665,1.0,Swimming Pool,1.0,0.0,"(Corporate Lawyer, Investment Banker, Fashion Designer)",0.42857142857142855,3,0.9824670975099183,-0.24106473713490903
Viman Nagar,Lane No 6,Pune,Apartment,0.09743589743589745,0.1328125,0.25,0.23889479277364506,0.12686567164179108,0.8333333333333334,0.6666666666666665,1.0,Gated Security,1.0,0.0,"(Consultant, Senior Manager, Startup Founder)",0.35999999999999993,3,0.9746779175273116,-0.24578962872466456
AIT Vishrantwadi,Near Army Institute of Technology,Pune,Apartment,0.10256410256410256,0.140625,0.25,0.23613177470775776,0.13432835820895522,0.8333333333333334,0.6666666666666665,1.0,Gym,1.0,0.0,"(Professor, Army Officer, Research Scientist)",0.22857142857142854,3,0.9569535825074512,-0.2624683372171839
Vishrantwadi,Dhanori Road,Pune,Apartment,0.10769230769230773,0.1484375,0.25,0.2335812964930925,0.14179104477611942,0.8333333333333334,0.6666666666666665,1.0,Clubhouse,1.0,0.0,"(Real Estate Investor, Consultant, CEO)",0.42857142857142855,3,0.9916090861827912,-0.21624286742770105
Lohegaon,Near Pune Airport,Pune,Apartment,0.11282051282051284,0.15625,0.25,0.23103081827842725,0.14925373134328357,0.8333333333333334,0.6666666666666665,1.0,Parking,1.0,0.0,"(Pilot, Air Traffic Controller, Hospitality Manager)",0.35999999999999993,3,0.9838176274559284,-0.22101933723964204
Lohegaon,Airport Road,Pune,Apartment,0.11794871794871795,0.1640625,0.25,0.22869287991498405,0.15671641791044777,0.8333333333333334,0.6666666666666665,1.0,Swimming Pool,1.0,0.0,"(Corporate Executive, Doctor, Business Owner)",0.39999999999999997,3,0.9931840598990335,-0.20521238716225168
Kharadi,Near Zensar IT Park,Pune,Apartment,0.12307692307692306,0.171875,0.25,0.22646121147715198,0.16417910447761191,0.8333333333333334,0.6666666666666665,1.0,Gated Community,1.0,0.0,"(Software Engineer, Data Scientist, IT Director)",0.3142857142857143,3,0.9826809418490511,-0.21329587814966058
Kharadi,World Trade Center,Pune,Apartment,0.12820512820512822,0.1796875,0.25,0.22433581296493094,0.17164179104477612,0.8333333333333334,0.6666666666666665,1.0,Security,1.0,0.0,"(Financial Analyst, Entrepreneur, Marketing Head)",0.5142857142857142,3,1.0173334071987168,-0.16713917932309183
Yerwada,Near Gunjan Theatre,Pune,Apartment,0.13333333333333333,0.1875,0.25,0.22231668437832092,0.17910447761194032,0.8333333333333334,0.6666666666666665,1.0,Clubhouse,1.0,0.0,"(Civil Servant, Senior Consultant, Professor)",0.42857142857142855,3,1.0068287699858964,-0.17525705579195763
Yerwada,Shastri Nagar,Pune,Apartment,0.13846153846153844,0.1953125,0.25,0.2202975557917109,0.18656716417910446,0.8333333333333334,0.6666666666666665,1.0,Gym,1.0,0.0,"(Judge, Lawyer, Government Official)",0.4685714285714286,3,1.016192923684746,-0.15950168393675287
Ghorpadi,Near Bishop's School,Pune,Apartment,0.1435897435897436,0.203125,0.25,0.218384697130712,0.19402985074626866,0.8333333333333334,0.6666666666666665,1.0,Security,1.0,0.0,"(Real Estate Developer, Architect, Senior Manager)",0.35999999999999993,3,1.002075019452022,-0.17197734375072377
Kondhwa,NIBM Road,Pune,Apartment,0.14871794871794872,0.2109375,0.25,0.21657810839532415,0.20149253731343286,0.8333333333333334,0.6666666666666665,1.0,Swimming Pool,1.0,0.0,"(Business Owner, Marketing Director, Investment Banker)",0.49714285714285705,3,1.0267908106015968,-0.13780884730837575
Undri,Near Bishop's School,Pune,Apartment,0.15384615384615383,0.21875,0.25,0.21487778958554732,0.208955223880597,0.8333333333333334,0.6666666666666665,1.0,Gated Security,1.0,0.0,"(Corporate Lawyer, CEO, Finance Manager)",0.5714285714285714,3,1.0415714467139183,-0.11559416776879171
Mohamadwadi,Near Corinthians Club,Pune,Apartment,0.158974358974359,0.2265625,0.25,0.21317747077577048,0.2164179104477612,0.8333333333333334,0.6666666666666665,1.0,Clubhouse,1.0,0.0,"(Sports Coach, Wellness Expert, Film Producer)",0.19999999999999996,3,0.9859081877757753,-0.1780210050145492
Nanded City,Near Sinhagad Road,Pune,Apartment,0.1641025641025641,0.234375,0.25,0.21158342189160467,0.22388059701492535,0.8333333333333334,0.6666666666666665,1.0,Gym,1.0,0.0,"(Software Engineer, Consultant, Entrepreneur)",0.3028571428571428,3,1.0052036986047848,-0.150397779960223
Warje,Near NDA Road,Pune,Apartment,0.1692307692307692,0.2421875,0.25,0.21009564293305,0.23134328358208955,0.8333333333333334,0.6666666666666665,1.0,Security,1.0,0.0,"(Professor, Research Scientist, Data Analyst)",0.39999999999999997,3,1.0235953229927546,-0.12387689529771945
Katraj,Near Bharati Vidyapeeth,Pune,Apartment,0.17435897435897438,0.25,0.25,0.2086078639744952,0.23880597014925375,0.8333333333333334,0.6666666666666665,1.0,Parking,1.0,0.0,"(Educationist, Consultant, Business Owner)",0.42857142857142855,3,1.031149425065268,-0.11037778244834535
Khadki,Near Khadki Railway Station,Pune,Apartment,0.06923076923076923,0.0234375,0.25,0.44442082890541973,0.0746268656716418,0.33333333333333337,0.33333333333333326,0.0,Gated Society,0.0,0.0,"(Defense Officer, Government Employee, Engineer)",0.14285714285714285,0,-0.5381018200073909,-0.010667748854274406
Khadki,BOI Colony,Pune,Row House,0.12820512820512822,0.109375,0.25,0.35419766206163655,0.10447761194029852,0.33333333333333337,0.33333333333333326,0.0,Security,0.0,0.0,"(Retired Army Officer, Banker, Consultant)",0.22857142857142854,0,-0.49782205862129747,0.08975508408752192
Pune Cantonment,MG Road,Pune,Apartment,0.16666666666666666,0.078125,0.25,0.5350690754516472,0.17910447761194032,0.6666666666666666,0.6666666666666665,1.0,Gated Community,1.0,0.0,"(Senior Bureaucrat, Business Owner, Lawyer)",0.3142857142857143,1,0.9337135890852792,-0.3231455645664984
Pune Cantonment,Ghorpadi,Pune,Apartment,0.09743589743589745,0.046875,0.25,0.4486716259298618,0.10447761194029852,0.4999999999999999,0.5,0.0,Security,0.0,0.0,"(Defense Staff, Doctor, Architect)",0.22857142857142854,0,-0.43685276169281045,0.11247880212792785
Pune Cantonment,East Street,Pune,Apartment,0.14102564102564105,0.0625,0.25,0.5195536663124336,0.16417910447761191,0.6666666666666666,0.6666666666666665,1.0,Gym,1.0,0.0,"(Retail Business Owner, Marketing Executive, Bank Manager)",0.2114285714285714,1,0.9092967844230201,-0.3613335202014242
Lohegaon,Near Airport,Pune,Apartment,0.05641025641025643,0.03125,0.25,0.3751328374070138,0.06716417910447763,0.33333333333333337,0.33333333333333326,0.0,Gated Society,0.0,0.0,"(Pilot, Air Force Officer, IT Professional)",0.14285714285714285,0,-0.5393316380144202,-0.0030499259681998616
Bhosari,Near Nashik Phata,Pune,Apartment,0.07692307692307693,0.046875,0.25,0.3879914984059511,0.08955223880597017,0.33333333333333337,0.33333333333333326,0.0,Parking,0.0,0.0,"(Factory Supervisor, Mechanical Engineer, HR Manager)",0.08571428571428572,0,-0.5398380532626742,0.005854228954273943
Pimpri,Thermax Chowk,Pune,Apartment,0.09230769230769231,0.0546875,0.25,0.4083953241232731,0.09701492537313434,0.33333333333333337,0.33333333333333326,0.0,Gated Security,0.0,0.0,"(Pharmaceutical Scientist, Manager, Data Analyst)",0.15428571428571425,0,-0.5246413684069815,0.02707439451402494
Chinchwad,Chapekar Chowk,Pune,Apartment,0.07435897435897437,0.03125,0.25,0.43230605738575983,0.0746268656716418,0.33333333333333337,0.33333333333333326,0.0,Clubhouse,0.0,0.0,"(Automobile Engineer, Bank Executive, Teacher)",0.11428571428571427,0,-0.5405869552816802,-0.008804715314357031
Talegaon,Near Floriculture Park,Pune,Villa,0.20512820512820515,0.171875,0.5,0.38108395324123273,0.2537313432835821,0.4999999999999999,0.5,0.0,Swimming Pool,0.0,0.0,"(Resort Owner, Manufacturing Head, Export Business)",0.45714285714285713,0,-0.31179720855499965,0.42636235624298996
Nigdi,Near Bhakti Shakti,Pune,Apartment,0.07435897435897437,0.0390625,0.25,0.40541976620616366,0.08208955223880597,0.33333333333333337,0.33333333333333326,0.0,Gated Society,0.0,0.0,"(Government Employee, Architect, Chartered Accountant)",0.15428571428571425,0,-0.5317836437999035,0.009140395999922215
Nigdi,Yamuna Nagar,Pune,Apartment,0.06923076923076923,0.03125,0.25,0.41594048884165785,0.0746268656716418,0.33333333333333337,0.33333333333333326,0.0,Security,0.0,0.0,"(Software Consultant, Mechanical Engineer, Pharmacist)",0.11428571428571427,0,-0.5412085640122443,-0.007990395113562618
Kamshet,Near Old Mumbai-Pune Highway,Pune,Villa,0.28205128205128205,0.265625,0.5,0.34994686503719447,0.4029850746268657,0.6666666666666666,0.6666666666666665,1.0,Gated Community,1.0,0.0,"(Resort Owner, Investment Banker, Entrepreneur)",0.19999999999999996,3,1.0270113528073739,0.0003966130969395252
Pashan,Bavdhan Road,Pune,Apartment,0.14102564102564105,0.0625,0.25,0.5195536663124336,0.14179104477611942,0.4999999999999999,0.5,0.0,Gated Security,0.0,0.0,"(Lawyer, Consultant, IT Director)",0.22857142857142854,0,-0.4232511568038651,0.13610507928758836
Bavdhan,Chandani Chowk,Pune,Apartment,0.12307692307692306,0.0546875,0.25,0.4962805526036132,0.13432835820895522,0.4999999999999999,0.5,0.0,Clubhouse,0.0,0.0,"(Software Engineer, Financial Analyst, Startup Owner)",0.15428571428571425,0,-0.43969975195539307,0.11334728914071539
Ambegaon Budruk,Near ISKCON Temple,Pune,Apartment,0.051282051282051294,0.03125,0.25,0.3587672688629118,0.05223880597014925,0.33333333333333337,0.33333333333333326,0.0,Gated Community,0.0,0.0,"(Doctor, Financial Advisor, Business Consultant)",0.11428571428571427,0,-0.5466367348279982,-0.012669097765607026
Kasarsai,Near Hinjewadi,Pune,Apartment,0.038461538461538464,0.0,0.0,0.4293304994686504,0.01492537313432836,0.16666666666666663,0.16666666666666663,0.0,Gated Community,0.0,0.0,"(Software Developer, Data Analyst, IT Consultant)",0.04571428571428571,0,-0.6777580723438233,-0.2602010525517822
Marunji,Near Phase 3 Hinjewadi,Pune,Apartment,0.05641025641025643,0.015625,0.0,0.4309245483528162,0.029850746268656733,0.33333333333333337,0.16666666666666663,0.0,Security,0.0,0.0,"(Project Manager, IT Support, Engineer)",0.06857142857142856,0,-0.626249936234921,-0.19913491058430732
Moshi,Near Spine Road,Pune,Apartment,0.07435897435897437,0.0234375,0.25,0.4614240170031881,0.06716417910447763,0.33333333333333337,0.33333333333333326,0.0,Clubhouse,0.0,0.0,"(Software Engineer, Marketing Executive, Financial Analyst)",0.08571428571428572,0,-0.5475999642540056,-0.0249405788817466
Charholi,Near D.Y. Patil Knowledge City,Pune,Apartment,0.046153846153846156,0.015625,0.25,0.39553666312433583,0.037313432835820906,0.16666666666666663,0.16666666666666663,0.0,Gym,0.0,0.0,"(HR Manager, Teacher, Consultant)",0.025714285714285717,0,-0.6419337495313634,-0.12624130084960655
Khandala,Near Karla Caves,Pune,Villa,0.46153846153846145,0.453125,0.75,0.34240170031880973,0.5149253731343284,0.8333333333333334,0.6666666666666665,1.0,Swimming Pool,1.0,0.0,"(Startup Founder, Senior Executive, Investor)",0.19999999999999996,2,1.170819271866531,0.3408395915664109
Supa,Near MIDC Area,Pune,Apartment,0.0,0.015625,0.0,0.23613177470775776,0.0,0.0,0.0,0.0,Gym,0.0,0.0,"(Industrial Worker, IT Professional, Supervisor)",0.011428571428571427,0,-0.7628111555473432,-0.32419436425420034
Uruli Kanchan,Near Railway Station,Pune,Apartment,0.03076923076923077,0.0234375,0.25,0.3168969181721573,0.037313432835820906,0.16666666666666663,0.16666666666666663,0.0,Gym,0.0,0.0,"(Software Engineer, Teacher, Consultant)",0.04571428571428571,0,-0.6392211456069413,-0.11172530406492631
Paud,Near Mulshi Road,Pune,Villa,0.23076923076923075,0.265625,0.5,0.27407013815090325,0.291044776119403,0.6666666666666666,0.5,0.0,Swimming Pool,0.0,0.0,"(Business Owner, Investor, Corporate Executive)",0.3142857142857143,0,-0.2692905773537777,0.5187462455838948
Bhugaon,Near Chandani Chowk,Pune,Apartment,0.10769230769230773,0.0625,0.25,0.4274176408076515,0.09701492537313434,0.33333333333333337,0.33333333333333326,1.0,Clubhouse,0.0,0.0,"(IT Manager, Lawyer, Marketing Head)",0.17142857142857143,0,0.11419701871673306,-0.3285434877469421
Shivane,Near NDA Road,Pune,Apartment,0.06923076923076923,0.03125,0.25,0.41594048884165785,0.0746268656716418,0.33333333333333337,0.33333333333333326,0.0,Gated Community,0.0,0.0,"(Bank Manager, Software Developer, Real Estate Agent)",0.11428571428571427,0,-0.5412085640122443,-0.007990395113562618
Uttamnagar,Near Warje,Pune,Apartment,0.08205128205128207,0.046875,0.25,0.40308182784272056,0.08955223880597017,0.33333333333333337,0.33333333333333326,0.0,Gym,0.0,0.0,"(Teacher, Financial Analyst, Sales Director)",0.08571428571428572,0,-0.5392073295550863,0.005246221642221444
Warje Malwadi,Near Sinhagad Road,Pune,Apartment,0.08974358974358976,0.0546875,0.25,0.40106269925611054,0.09701492537313434,0.33333333333333337,0.33333333333333326,0.0,Security,0.0,0.0,"(Marketing Executive, IT Engineer, Consultant)",0.06857142857142856,0,-0.5385051523179328,0.011066797922182353
Dhayari,Near Narhe,Pune,Apartment,0.07692307692307693,0.046875,0.25,0.3879914984059511,0.08208955223880597,0.33333333333333337,0.33333333333333326,0.0,Parking,0.0,0.0,"(HR Manager, Retail Executive, Software Developer)",0.04857142857142857,0,-0.5467923047426664,-0.0037031076492033506
Ghotawade,Near Pirangut,Pune,Apartment,0.06410256410256412,0.03125,0.25,0.39957492029755576,0.06716417910447763,0.16666666666666663,0.16666666666666663,0.0,Gated Security,0.0,0.0,"(Project Engineer, Architect, Consultant)",0.04571428571428571,0,-0.6294702721590457,-0.09967345922122837
Nere,Near Hinjewadi Phase 3,Pune,Apartment,0.046153846153846156,0.0234375,0.25,0.36790648246546226,0.04477611940298508,0.16666666666666663,0.16666666666666663,0.0,Security,0.0,0.0,"(Software Engineer, Financial Consultant, Business Analyst)",0.011428571428571427,0,-0.641704826146059,-0.11848474303562187
Kharki,Near Khadki Cantonment,Pune,Apartment,0.09743589743589745,0.0390625,0.25,0.47619553666312436,0.08955223880597017,0.33333333333333337,0.33333333333333326,0.0,Gym,0.0,0.0,"(Military Officer, Government Employee, Business Consultant)",0.12571428571428572,0,-0.532397603219715,0.003018297711911559
Kasarsai,Near Hinjewadi,Pune,Apartment,0.038461538461538464,0.0,0.0,0.4293304994686504,0.01492537313432836,0.16666666666666663,0.16666666666666663,0.0,Gated Community,0.0,0.0,"(Software Developer, Data Analyst, IT Consultant)",0.04571428571428571,0,-0.6777580723438233,-0.2602010525517822
Marunji,Near Phase 3 Hinjewadi,Pune,Apartment,0.05641025641025643,0.015625,0.0,0.4309245483528162,0.029850746268656733,0.33333333333333337,0.16666666666666663,0.0,Security,0.0,0.0,"(Project Manager, IT Support, Engineer)",0.06857142857142856,0,-0.626249936234921,-0.19913491058430732
Moshi,Near Spine Road,Pune,Apartment,0.07435897435897437,0.0234375,0.25,0.4614240170031881,0.06716417910447763,0.33333333333333337,0.33333333333333326,0.0,Clubhouse,0.0,0.0,"(Software Engineer, Marketing Executive, Financial Analyst)",0.08571428571428572,0,-0.5475999642540056,-0.0249405788817466
Charholi,Near D.Y. Patil Knowledge City,Pune,Apartment,0.046153846153846156,0.015625,0.25,0.39553666312433583,0.037313432835820906,0.16666666666666663,0.16666666666666663,0.0,Gym,0.0,0.0,"(HR Manager, Teacher, Consultant)",0.025714285714285717,0,-0.6419337495313634,-0.12624130084960655
Khandala,Near Karla Caves,Pune,Villa,0.46153846153846145,0.453125,0.75,0.34240170031880973,0.5149253731343284,0.8333333333333334,0.6666666666666665,1.0,Swimming Pool,1.0,0.0,"(Startup Founder, Senior Executive, Investor)",0.19999999999999996,2,1.170819271866531,0.3408395915664109
Supa,Near MIDC Area,Pune,Apartment,0.0,0.015625,0.0,0.23613177470775776,0.0,0.0,0.0,0.0,Gym,0.0,0.0,"(Industrial Worker, IT Professional, Supervisor)",0.011428571428571427,0,-0.7628111555473432,-0.3241943642542004
Uruli Kanchan,Near Railway Station,Pune,Apartment,0.03076923076923077,0.0234375,0.25,0.3168969181721573,0.037313432835820906,0.16666666666666663,0.16666666666666663,0.0,Gym,0.0,0.0,"(Software Engineer, Teacher, Consultant)",0.04571428571428571,0,-0.6392211456069413,-0.11172530406492631
Paud,Near Mulshi Road,Pune,Villa,0.23076923076923075,0.265625,0.5,0.27407013815090325,0.291044776119403,0.6666666666666666,0.5,0.0,Swimming Pool,0.0,0.0,"(Business Owner, Investor, Corporate Executive)",0.3142857142857143,0,-0.2692905773537777,0.5187462455838948
Bhugaon,Near Chandani Chowk,Pune,Apartment,0.10769230769230773,0.0625,0.25,0.4274176408076515,0.09701492537313434,0.33333333333333337,0.33333333333333326,1.0,Clubhouse,0.0,0.0,"(IT Manager, Lawyer, Marketing Head)",0.17142857142857143,0,0.11419701871673302,-0.3285434877469421
Shivane,Near NDA Road,Pune,Apartment,0.06923076923076923,0.03125,0.25,0.41594048884165785,0.0746268656716418,0.33333333333333337,0.33333333333333326,0.0,Gated Community,0.0,0.0,"(Bank Manager, Software Developer, Real Estate Agent)",0.11428571428571427,0,-0.5412085640122443,-0.007990395113562622
Uttamnagar,Near Warje,Pune,Apartment,0.08205128205128207,0.046875,0.25,0.40308182784272056,0.08955223880597017,0.33333333333333337,0.33333333333333326,0.0,Gym,0.0,0.0,"(Teacher, Financial Analyst, Sales Director)",0.08571428571428572,0,-0.5392073295550862,0.00524622164222147
Warje Malwadi,Near Sinhagad Road,Pune,Apartment,0.08974358974358976,0.0546875,0.25,0.40106269925611054,0.09701492537313434,0.33333333333333337,0.33333333333333326,0.0,Security,0.0,0.0,"(Marketing Executive, IT Engineer, Consultant)",0.06857142857142856,0,-0.5385051523179328,0.011066797922182351
Dhayari,Near Narhe,Pune,Apartment,0.07692307692307693,0.046875,0.25,0.3879914984059511,0.08208955223880597,0.33333333333333337,0.33333333333333326,0.0,Parking,0.0,0.0,"(HR Manager, Retail Executive, Software Developer)",0.04857142857142857,0,-0.5467923047426664,-0.0037031076492033293
Ghotawade,Near Pirangut,Pune,Apartment,0.06410256410256412,0.03125,0.25,0.39957492029755576,0.06716417910447763,0.16666666666666663,0.16666666666666663,0.0,Gated Security,0.0,0.0,"(Project Engineer, Architect, Consultant)",0.04571428571428571,0,-0.6294702721590457,-0.09967345922122837
Nere,Near Hinjewadi Phase 3,Pune,Apartment,0.046153846153846156,0.0234375,0.25,0.36790648246546226,0.04477611940298508,0.16666666666666663,0.16666666666666663,0.0,Security,0.0,0.0,"(Software Engineer, Financial Consultant, Business Analyst)",0.011428571428571427,0,-0.641704826146059,-0.11848474303562187
Kharki,Near Khadki Cantonment,Pune,Apartment,0.09743589743589745,0.0390625,0.25,0.47619553666312436,0.08955223880597017,0.33333333333333337,0.33333333333333326,0.0,Gym,0.0,0.0,"(Military Officer, Government Employee, Business Consultant)",0.12571428571428572,0,-0.532397603219715,0.0030182977119115593
